14:25:06 === 自习室预约系统启动器 ===
14:25:06 程序目录: C:\Users\flxd\Desktop\工作文件\软件工程\studyroom_submit
14:25:07 Java版本: java version "23.0.2" 2025-01-21
14:25:07 后端JAR: C:\Users\flxd\Desktop\工作文件\软件工程\studyroom_submit\backend\studyroom.jar
14:25:07 客户端目录: C:\Users\flxd\Desktop\工作文件\软件工程\studyroom_submit\electron_client
14:25:07 [1/3] 启动后端服务...
14:25:07 后端PID: 1740
14:25:07 [2/3] 等待后端就绪 (最长90秒)...
14:25:08 [backend] 
14:25:08 [backend]   .   ____          _            __ _ _
14:25:08 [backend]  /\\ / ___'_ __ _ _(_)_ __  __ _ \ \ \ \
14:25:08 [backend] ( ( )\___ | '_ | '_| | '_ \/ _` | \ \ \ \
14:25:08 [backend]  \\/  ___)| |_)| | | | | || (_| |  ) ) ) )
14:25:08 [backend]   '  |____| .__|_| |_|_| |_\__, | / / / /
14:25:08 [backend]  =========|_|==============|___/=/_/_/_/
14:25:08 [backend]  :: Spring Boot ::                (v3.2.0)
14:25:08 [backend] 
14:25:08 [backend] 2026-06-12T14:25:08.550+08:00  INFO 27496 --- [           main] o.e.studyroom.StudyRoomApplication       : Starting StudyRoomApplication v0.0.1-SNAPSHOT using Java 23.0.2 with PID 27496 (C:\Users\flxd\Desktop\宸ヤ綔鏂囦欢\杞欢宸ョ▼\studyroom_submit\backend\studyroom.jar started by flxd in C:\Users\flxd\Desktop\宸ヤ綔鏂囦欢\杞欢宸ョ▼\studyroom_submit\backend)
14:25:08 [backend] 2026-06-12T14:25:08.556+08:00  INFO 27496 --- [           main] o.e.studyroom.StudyRoomApplication       : The following 1 profile is active: "demo"
14:25:08 [backend] 2026-06-12T14:25:08.713+08:00  WARN 27496 --- [           main] ConfigServletWebServerApplicationContext : Exception encountered during context initialization - cancelling refresh attempt: org.springframework.beans.factory.BeanDefinitionStoreException: Failed to read candidate component class: URL [jar:nested:/C:/Users/flxd/Desktop/宸ヤ綔鏂囦欢/杞欢宸ョ▼/studyroom_submit/backend/studyroom.jar/!BOOT-INF/classes/!/org/example/studyroom/controller/ShutdownController.class]
14:25:08 [backend] 2026-06-12T14:25:08.732+08:00 ERROR 27496 --- [           main] o.s.boot.SpringApplication               : Application run failed
14:25:08 [backend] 
14:25:08 [backend] org.springframework.beans.factory.BeanDefinitionStoreException: Failed to read candidate component class: URL [jar:nested:/C:/Users/flxd/Desktop/宸ヤ綔鏂囦欢/杞欢宸ョ▼/studyroom_submit/backend/studyroom.jar/!BOOT-INF/classes/!/org/example/studyroom/controller/ShutdownController.class]
14:25:08 [backend] 	at org.springframework.context.annotation.ClassPathScanningCandidateComponentProvider.scanCandidateComponents(ClassPathScanningCandidateComponentProvider.java:484) ~[spring-context-6.1.1.jar!/:6.1.1]
14:25:08 [backend] 	at org.springframework.context.annotation.ClassPathScanningCandidateComponentProvider.findCandidateComponents(ClassPathScanningCandidateComponentProvider.java:337) ~[spring-context-6.1.1.jar!/:6.1.1]
14:25:08 [backend] 	at org.springframework.context.annotation.ClassPathBeanDefinitionScanner.doScan(ClassPathBeanDefinitionScanner.java:277) ~[spring-context-6.1.1.jar!/:6.1.1]
14:25:08 [backend] 	at org.springframework.context.annotation.ComponentScanAnnotationParser.parse(ComponentScanAnnotationParser.java:128) ~[spring-context-6.1.1.jar!/:6.1.1]
14:25:08 [backend] 	at org.springframework.context.annotation.ConfigurationClassParser.doProcessConfigurationClass(ConfigurationClassParser.java:296) ~[spring-context-6.1.1.jar!/:6.1.1]
14:25:08 [backend] 	at org.springframework.context.annotation.ConfigurationClassParser.processConfigurationClass(ConfigurationClassParser.java:245) ~[spring-context-6.1.1.jar!/:6.1.1]
14:25:08 [backend] 	at org.springframework.context.annotation.ConfigurationClassParser.parse(ConfigurationClassParser.java:196) ~[spring-context-6.1.1.jar!/:6.1.1]
14:25:08 [backend] 	at org.springframework.context.annotation.ConfigurationClassParser.parse(ConfigurationClassParser.java:164) ~[spring-context-6.1.1.jar!/:6.1.1]
14:25:08 [backend] 	at org.springframework.context.annotation.ConfigurationClassPostProcessor.processConfigBeanDefinitions(ConfigurationClassPostProcessor.java:416) ~[spring-context-6.1.1.jar!/:6.1.1]
14:25:08 [backend] 	at org.springframework.context.annotation.ConfigurationClassPostProcessor.postProcessBeanDefinitionRegistry(ConfigurationClassPostProcessor.java:289) ~[spring-context-6.1.1.jar!/:6.1.1]
14:25:08 [backend] 	at org.springframework.context.support.PostProcessorRegistrationDelegate.invokeBeanDefinitionRegistryPostProcessors(PostProcessorRegistrationDelegate.java:349) ~[spring-context-6.1.1.jar!/:6.1.1]
14:25:08 [backend] 	at org.springframework.context.support.PostProcessorRegistrationDelegate.invokeBeanFactoryPostProcessors(PostProcessorRegistrationDelegate.java:118) ~[spring-context-6.1.1.jar!/:6.1.1]
14:25:08 [backend] 	at org.springframework.context.support.AbstractApplicationContext.invokeBeanFactoryPostProcessors(AbstractApplicationContext.java:775) ~[spring-context-6.1.1.jar!/:6.1.1]
14:25:08 [backend] 	at org.springframework.context.support.AbstractApplicationContext.refresh(AbstractApplicationContext.java:597) ~[spring-context-6.1.1.jar!/:6.1.1]
14:25:08 [backend] 	at org.springframework.boot.web.servlet.context.ServletWebServerApplicationContext.refresh(ServletWebServerApplicationContext.java:146) ~[spring-boot-3.2.0.jar!/:3.2.0]
14:25:08 [backend] 	at org.springframework.boot.SpringApplication.refresh(SpringApplication.java:753) ~[spring-boot-3.2.0.jar!/:3.2.0]
14:25:08 [backend] 	at org.springframework.boot.SpringApplication.refreshContext(SpringApplication.java:455) ~[spring-boot-3.2.0.jar!/:3.2.0]
14:25:08 [backend] 	at org.springframework.boot.SpringApplication.run(SpringApplication.java:323) ~[spring-boot-3.2.0.jar!/:3.2.0]
14:25:08 [backend] 	at org.springframework.boot.SpringApplication.run(SpringApplication.java:1342) ~[spring-boot-3.2.0.jar!/:3.2.0]
14:25:08 [backend] 	at org.springframework.boot.SpringApplication.run(SpringApplication.java:1331) ~[spring-boot-3.2.0.jar!/:3.2.0]
14:25:08 [backend] 	at org.example.studyroom.StudyRoomApplication.main(StudyRoomApplication.java:11) ~[!/:0.0.1-SNAPSHOT]
14:25:08 [backend] 	at java.base/jdk.internal.reflect.DirectMethodHandleAccessor.invoke(DirectMethodHandleAccessor.java:103) ~[na:na]
14:25:08 [backend] 	at java.base/java.lang.reflect.Method.invoke(Method.java:580) ~[na:na]
14:25:08 [backend] 	at org.springframework.boot.loader.launch.Launcher.launch(Launcher.java:91) ~[studyroom.jar:0.0.1-SNAPSHOT]
14:25:08 [backend] 	at org.springframework.boot.loader.launch.Launcher.launch(Launcher.java:53) ~[studyroom.jar:0.0.1-SNAPSHOT]
14:25:08 [backend] 	at org.springframework.boot.loader.launch.JarLauncher.main(JarLauncher.java:58) ~[studyroom.jar:0.0.1-SNAPSHOT]
14:25:08 [backend] Caused by: java.io.IOException: ASM ClassReader failed to parse class file - probably due to a new Java class file version that isn't supported yet: URL [jar:nested:/C:/Users/flxd/Desktop/宸ヤ綔鏂囦欢/杞欢宸ョ▼/studyroom_submit/backend/studyroom.jar/!BOOT-INF/classes/!/org/example/studyroom/controller/ShutdownController.class]
14:25:08 [backend] 	at org.springframework.core.type.classreading.SimpleMetadataReader.getClassReader(SimpleMetadataReader.java:59) ~[spring-core-6.1.1.jar!/:6.1.1]
14:25:08 [backend] 	at org.springframework.core.type.classreading.SimpleMetadataReader.<init>(SimpleMetadataReader.java:48) ~[spring-core-6.1.1.jar!/:6.1.1]
14:25:08 [backend] 	at org.springframework.core.type.classreading.SimpleMetadataReaderFactory.getMetadataReader(SimpleMetadataReaderFactory.java:103) ~[spring-core-6.1.1.jar!/:6.1.1]
14:25:08 [backend] 	at org.springframework.core.type.classreading.CachingMetadataReaderFactory.getMetadataReader(CachingMetadataReaderFactory.java:122) ~[spring-core-6.1.1.jar!/:6.1.1]
14:25:08 [backend] 	at org.springframework.context.annotation.ClassPathScanningCandidateComponentProvider.scanCandidateComponents(ClassPathScanningCandidateComponentProvider.java:456) ~[spring-context-6.1.1.jar!/:6.1.1]
14:25:08 [backend] 	... 25 common frames omitted
14:25:08 [backend] Caused by: java.lang.IllegalArgumentException: Unsupported class file major version 67
14:25:08 [backend] 	at org.springframework.asm.ClassReader.<init>(ClassReader.java:199) ~[spring-core-6.1.1.jar!/:6.1.1]
14:25:08 [backend] 	at org.springframework.asm.ClassReader.<init>(ClassReader.java:180) ~[spring-core-6.1.1.jar!/:6.1.1]
14:25:08 [backend] 	at org.springframework.asm.ClassReader.<init>(ClassReader.java:166) ~[spring-core-6.1.1.jar!/:6.1.1]
14:25:08 [backend] 	at org.springframework.asm.ClassReader.<init>(ClassReader.java:287) ~[spring-core-6.1.1.jar!/:6.1.1]
14:25:08 [backend] 	at org.springframework.core.type.classreading.SimpleMetadataReader.getClassReader(SimpleMetadataReader.java:56) ~[spring-core-6.1.1.jar!/:6.1.1]
14:25:08 [backend] 	... 29 common frames omitted
14:25:08 [backend] 
14:25:09 等待后端... (1s) Timeout
14:25:10 后端进程已退出，退出码: 1
14:25:10 [ERROR] 后端服务启动超时(90秒)!

请检查:
1. 端口 8082 是否被占用
2. Java 版本是否兼容

详见日志: C:\Users\flxd\Desktop\工作文件\软件工程\studyroom_submit\launcher.log
14:25:18 === 自习室预约系统启动器 ===
14:25:18 程序目录: C:\Users\flxd\Desktop\工作文件\软件工程\studyroom_submit
14:25:18 Java版本: java version "23.0.2" 2025-01-21
14:25:18 后端JAR: C:\Users\flxd\Desktop\工作文件\软件工程\studyroom_submit\backend\studyroom.jar
14:25:18 客户端目录: C:\Users\flxd\Desktop\工作文件\软件工程\studyroom_submit\electron_client
14:25:18 [1/3] 启动后端服务...
14:25:18 后端PID: 12308
14:25:18 [2/3] 等待后端就绪 (最长90秒)...
14:25:19 [backend] 
14:25:19 [backend]   .   ____          _            __ _ _
14:25:19 [backend]  /\\ / ___'_ __ _ _(_)_ __  __ _ \ \ \ \
14:25:19 [backend] ( ( )\___ | '_ | '_| | '_ \/ _` | \ \ \ \
14:25:19 [backend]  \\/  ___)| |_)| | | | | || (_| |  ) ) ) )
14:25:19 [backend]   '  |____| .__|_| |_|_| |_\__, | / / / /
14:25:19 [backend]  =========|_|==============|___/=/_/_/_/
14:25:19 [backend]  :: Spring Boot ::                (v3.2.0)
14:25:19 [backend] 
14:25:19 [backend] 2026-06-12T14:25:19.749+08:00  INFO 12176 --- [           main] o.e.studyroom.StudyRoomApplication       : Starting StudyRoomApplication v0.0.1-SNAPSHOT using Java 23.0.2 with PID 12176 (C:\Users\flxd\Desktop\宸ヤ綔鏂囦欢\杞欢宸ョ▼\studyroom_submit\backend\studyroom.jar started by flxd in C:\Users\flxd\Desktop\宸ヤ綔鏂囦欢\杞欢宸ョ▼\studyroom_submit\backend)
14:25:19 [backend] 2026-06-12T14:25:19.751+08:00  INFO 12176 --- [           main] o.e.studyroom.StudyRoomApplication       : The following 1 profile is active: "demo"
14:25:19 [backend] 2026-06-12T14:25:19.906+08:00  WARN 12176 --- [           main] ConfigServletWebServerApplicationContext : Exception encountered during context initialization - cancelling refresh attempt: org.springframework.beans.factory.BeanDefinitionStoreException: Failed to read candidate component class: URL [jar:nested:/C:/Users/flxd/Desktop/宸ヤ綔鏂囦欢/杞欢宸ョ▼/studyroom_submit/backend/studyroom.jar/!BOOT-INF/classes/!/org/example/studyroom/controller/ShutdownController.class]
14:25:19 [backend] 2026-06-12T14:25:19.925+08:00 ERROR 12176 --- [           main] o.s.boot.SpringApplication               : Application run failed
14:25:19 [backend] 
14:25:19 [backend] org.springframework.beans.factory.BeanDefinitionStoreException: Failed to read candidate component class: URL [jar:nested:/C:/Users/flxd/Desktop/宸ヤ綔鏂囦欢/杞欢宸ョ▼/studyroom_submit/backend/studyroom.jar/!BOOT-INF/classes/!/org/example/studyroom/controller/ShutdownController.class]
14:25:19 [backend] 	at org.springframework.context.annotation.ClassPathScanningCandidateComponentProvider.scanCandidateComponents(ClassPathScanningCandidateComponentProvider.java:484) ~[spring-context-6.1.1.jar!/:6.1.1]
14:25:19 [backend] 	at org.springframework.context.annotation.ClassPathScanningCandidateComponentProvider.findCandidateComponents(ClassPathScanningCandidateComponentProvider.java:337) ~[spring-context-6.1.1.jar!/:6.1.1]
14:25:19 [backend] 	at org.springframework.context.annotation.ClassPathBeanDefinitionScanner.doScan(ClassPathBeanDefinitionScanner.java:277) ~[spring-context-6.1.1.jar!/:6.1.1]
14:25:19 [backend] 	at org.springframework.context.annotation.ComponentScanAnnotationParser.parse(ComponentScanAnnotationParser.java:128) ~[spring-context-6.1.1.jar!/:6.1.1]
14:25:19 [backend] 	at org.springframework.context.annotation.ConfigurationClassParser.doProcessConfigurationClass(ConfigurationClassParser.java:296) ~[spring-context-6.1.1.jar!/:6.1.1]
14:25:19 [backend] 	at org.springframework.context.annotation.ConfigurationClassParser.processConfigurationClass(ConfigurationClassParser.java:245) ~[spring-context-6.1.1.jar!/:6.1.1]
14:25:19 [backend] 	at org.springframework.context.annotation.ConfigurationClassParser.parse(ConfigurationClassParser.java:196) ~[spring-context-6.1.1.jar!/:6.1.1]
14:25:19 [backend] 	at org.springframework.context.annotation.ConfigurationClassParser.parse(ConfigurationClassParser.java:164) ~[spring-context-6.1.1.jar!/:6.1.1]
14:25:19 [backend] 	at org.springframework.context.annotation.ConfigurationClassPostProcessor.processConfigBeanDefinitions(ConfigurationClassPostProcessor.java:416) ~[spring-context-6.1.1.jar!/:6.1.1]
14:25:19 [backend] 	at org.springframework.context.annotation.ConfigurationClassPostProcessor.postProcessBeanDefinitionRegistry(ConfigurationClassPostProcessor.java:289) ~[spring-context-6.1.1.jar!/:6.1.1]
14:25:19 [backend] 	at org.springframework.context.support.PostProcessorRegistrationDelegate.invokeBeanDefinitionRegistryPostProcessors(PostProcessorRegistrationDelegate.java:349) ~[spring-context-6.1.1.jar!/:6.1.1]
14:25:19 [backend] 	at org.springframework.context.support.PostProcessorRegistrationDelegate.invokeBeanFactoryPostProcessors(PostProcessorRegistrationDelegate.java:118) ~[spring-context-6.1.1.jar!/:6.1.1]
14:25:19 [backend] 	at org.springframework.context.support.AbstractApplicationContext.invokeBeanFactoryPostProcessors(AbstractApplicationContext.java:775) ~[spring-context-6.1.1.jar!/:6.1.1]
14:25:19 [backend] 	at org.springframework.context.support.AbstractApplicationContext.refresh(AbstractApplicationContext.java:597) ~[spring-context-6.1.1.jar!/:6.1.1]
14:25:19 [backend] 	at org.springframework.boot.web.servlet.context.ServletWebServerApplicationContext.refresh(ServletWebServerApplicationContext.java:146) ~[spring-boot-3.2.0.jar!/:3.2.0]
14:25:19 [backend] 	at org.springframework.boot.SpringApplication.refresh(SpringApplication.java:753) ~[spring-boot-3.2.0.jar!/:3.2.0]
14:25:19 [backend] 	at org.springframework.boot.SpringApplication.refreshContext(SpringApplication.java:455) ~[spring-boot-3.2.0.jar!/:3.2.0]
14:25:19 [backend] 	at org.springframework.boot.SpringApplication.run(SpringApplication.java:323) ~[spring-boot-3.2.0.jar!/:3.2.0]
14:25:19 [backend] 	at org.springframework.boot.SpringApplication.run(SpringApplication.java:1342) ~[spring-boot-3.2.0.jar!/:3.2.0]
14:25:19 [backend] 	at org.springframework.boot.SpringApplication.run(SpringApplication.java:1331) ~[spring-boot-3.2.0.jar!/:3.2.0]
14:25:19 [backend] 	at org.example.studyroom.StudyRoomApplication.main(StudyRoomApplication.java:11) ~[!/:0.0.1-SNAPSHOT]
14:25:19 [backend] 	at java.base/jdk.internal.reflect.DirectMethodHandleAccessor.invoke(DirectMethodHandleAccessor.java:103) ~[na:na]
14:25:19 [backend] 	at java.base/java.lang.reflect.Method.invoke(Method.java:580) ~[na:na]
14:25:19 [backend] 	at org.springframework.boot.loader.launch.Launcher.launch(Launcher.java:91) ~[studyroom.jar:0.0.1-SNAPSHOT]
14:25:19 [backend] 	at org.springframework.boot.loader.launch.Launcher.launch(Launcher.java:53) ~[studyroom.jar:0.0.1-SNAPSHOT]
14:25:19 [backend] 	at org.springframework.boot.loader.launch.JarLauncher.main(JarLauncher.java:58) ~[studyroom.jar:0.0.1-SNAPSHOT]
14:25:19 [backend] Caused by: java.io.IOException: ASM ClassReader failed to parse class file - probably due to a new Java class file version that isn't supported yet: URL [jar:nested:/C:/Users/flxd/Desktop/宸ヤ綔鏂囦欢/杞欢宸ョ▼/studyroom_submit/backend/studyroom.jar/!BOOT-INF/classes/!/org/example/studyroom/controller/ShutdownController.class]
14:25:19 [backend] 	at org.springframework.core.type.classreading.SimpleMetadataReader.getClassReader(SimpleMetadataReader.java:59) ~[spring-core-6.1.1.jar!/:6.1.1]
14:25:19 [backend] 	at org.springframework.core.type.classreading.SimpleMetadataReader.<init>(SimpleMetadataReader.java:48) ~[spring-core-6.1.1.jar!/:6.1.1]
14:25:19 [backend] 	at org.springframework.core.type.classreading.SimpleMetadataReaderFactory.getMetadataReader(SimpleMetadataReaderFactory.java:103) ~[spring-core-6.1.1.jar!/:6.1.1]
14:25:19 [backend] 	at org.springframework.core.type.classreading.CachingMetadataReaderFactory.getMetadataReader(CachingMetadataReaderFactory.java:122) ~[spring-core-6.1.1.jar!/:6.1.1]
14:25:19 [backend] 	at org.springframework.context.annotation.ClassPathScanningCandidateComponentProvider.scanCandidateComponents(ClassPathScanningCandidateComponentProvider.java:456) ~[spring-context-6.1.1.jar!/:6.1.1]
14:25:19 [backend] 	... 25 common frames omitted
14:25:19 [backend] Caused by: java.lang.IllegalArgumentException: Unsupported class file major version 67
14:25:19 [backend] 	at org.springframework.asm.ClassReader.<init>(ClassReader.java:199) ~[spring-core-6.1.1.jar!/:6.1.1]
14:25:19 [backend] 	at org.springframework.asm.ClassReader.<init>(ClassReader.java:180) ~[spring-core-6.1.1.jar!/:6.1.1]
14:25:19 [backend] 	at org.springframework.asm.ClassReader.<init>(ClassReader.java:166) ~[spring-core-6.1.1.jar!/:6.1.1]
14:25:19 [backend] 	at org.springframework.asm.ClassReader.<init>(ClassReader.java:287) ~[spring-core-6.1.1.jar!/:6.1.1]
14:25:19 [backend] 	at org.springframework.core.type.classreading.SimpleMetadataReader.getClassReader(SimpleMetadataReader.java:56) ~[spring-core-6.1.1.jar!/:6.1.1]
14:25:19 [backend] 	... 29 common frames omitted
14:25:19 [backend] 
14:25:20 等待后端... (1s) Timeout
14:25:21 后端进程已退出，退出码: 1
14:25:21 [ERROR] 后端服务启动超时(90秒)!

请检查:
1. 端口 8082 是否被占用
2. Java 版本是否兼容

详见日志: C:\Users\flxd\Desktop\工作文件\软件工程\studyroom_submit\launcher.log
14:27:34 === 自习室预约系统启动器 ===
14:27:34 程序目录: C:\Users\flxd\Desktop\工作文件\软件工程\studyroom_submit
14:27:35 Java版本: java version "23.0.2" 2025-01-21
14:27:35 后端JAR: C:\Users\flxd\Desktop\工作文件\软件工程\studyroom_submit\backend\studyroom.jar
14:27:35 客户端目录: C:\Users\flxd\Desktop\工作文件\软件工程\studyroom_submit\electron_client
14:27:35 [1/3] 启动后端服务...
14:27:35 后端PID: 3904
14:27:35 [2/3] 等待后端就绪 (最长90秒)...
14:27:35 [backend] 
14:27:35 [backend]   .   ____          _            __ _ _
14:27:35 [backend]  /\\ / ___'_ __ _ _(_)_ __  __ _ \ \ \ \
14:27:35 [backend] ( ( )\___ | '_ | '_| | '_ \/ _` | \ \ \ \
14:27:35 [backend]  \\/  ___)| |_)| | | | | || (_| |  ) ) ) )
14:27:35 [backend]   '  |____| .__|_| |_|_| |_\__, | / / / /
14:27:35 [backend]  =========|_|==============|___/=/_/_/_/
14:27:35 [backend]  :: Spring Boot ::                (v3.2.0)
14:27:35 [backend] 
14:27:36 [backend] 2026-06-12T14:27:36.003+08:00  INFO 30452 --- [           main] o.e.studyroom.StudyRoomApplication       : Starting StudyRoomApplication v0.0.1-SNAPSHOT using Java 23.0.2 with PID 30452 (C:\Users\flxd\Desktop\宸ヤ綔鏂囦欢\杞欢宸ョ▼\studyroom_submit\backend\studyroom.jar started by flxd in C:\Users\flxd\Desktop\宸ヤ綔鏂囦欢\杞欢宸ョ▼\studyroom_submit\backend)
14:27:36 [backend] 2026-06-12T14:27:36.004+08:00  INFO 30452 --- [           main] o.e.studyroom.StudyRoomApplication       : The following 1 profile is active: "demo"
14:27:36 [backend] 2026-06-12T14:27:36.160+08:00  WARN 30452 --- [           main] ConfigServletWebServerApplicationContext : Exception encountered during context initialization - cancelling refresh attempt: org.springframework.beans.factory.BeanDefinitionStoreException: Failed to read candidate component class: URL [jar:nested:/C:/Users/flxd/Desktop/宸ヤ綔鏂囦欢/杞欢宸ョ▼/studyroom_submit/backend/studyroom.jar/!BOOT-INF/classes/!/org/example/studyroom/controller/ShutdownController.class]
14:27:36 [backend] 2026-06-12T14:27:36.179+08:00 ERROR 30452 --- [           main] o.s.boot.SpringApplication               : Application run failed
14:27:36 [backend] 
14:27:36 [backend] org.springframework.beans.factory.BeanDefinitionStoreException: Failed to read candidate component class: URL [jar:nested:/C:/Users/flxd/Desktop/宸ヤ綔鏂囦欢/杞欢宸ョ▼/studyroom_submit/backend/studyroom.jar/!BOOT-INF/classes/!/org/example/studyroom/controller/ShutdownController.class]
14:27:36 [backend] 	at org.springframework.context.annotation.ClassPathScanningCandidateComponentProvider.scanCandidateComponents(ClassPathScanningCandidateComponentProvider.java:484) ~[spring-context-6.1.1.jar!/:6.1.1]
14:27:36 [backend] 	at org.springframework.context.annotation.ClassPathScanningCandidateComponentProvider.findCandidateComponents(ClassPathScanningCandidateComponentProvider.java:337) ~[spring-context-6.1.1.jar!/:6.1.1]
14:27:36 [backend] 	at org.springframework.context.annotation.ClassPathBeanDefinitionScanner.doScan(ClassPathBeanDefinitionScanner.java:277) ~[spring-context-6.1.1.jar!/:6.1.1]
14:27:36 [backend] 	at org.springframework.context.annotation.ComponentScanAnnotationParser.parse(ComponentScanAnnotationParser.java:128) ~[spring-context-6.1.1.jar!/:6.1.1]
14:27:36 [backend] 	at org.springframework.context.annotation.ConfigurationClassParser.doProcessConfigurationClass(ConfigurationClassParser.java:296) ~[spring-context-6.1.1.jar!/:6.1.1]
14:27:36 [backend] 	at org.springframework.context.annotation.ConfigurationClassParser.processConfigurationClass(ConfigurationClassParser.java:245) ~[spring-context-6.1.1.jar!/:6.1.1]
14:27:36 [backend] 	at org.springframework.context.annotation.ConfigurationClassParser.parse(ConfigurationClassParser.java:196) ~[spring-context-6.1.1.jar!/:6.1.1]
14:27:36 [backend] 	at org.springframework.context.annotation.ConfigurationClassParser.parse(ConfigurationClassParser.java:164) ~[spring-context-6.1.1.jar!/:6.1.1]
14:27:36 [backend] 	at org.springframework.context.annotation.ConfigurationClassPostProcessor.processConfigBeanDefinitions(ConfigurationClassPostProcessor.java:416) ~[spring-context-6.1.1.jar!/:6.1.1]
14:27:36 [backend] 	at org.springframework.context.annotation.ConfigurationClassPostProcessor.postProcessBeanDefinitionRegistry(ConfigurationClassPostProcessor.java:289) ~[spring-context-6.1.1.jar!/:6.1.1]
14:27:36 [backend] 	at org.springframework.context.support.PostProcessorRegistrationDelegate.invokeBeanDefinitionRegistryPostProcessors(PostProcessorRegistrationDelegate.java:349) ~[spring-context-6.1.1.jar!/:6.1.1]
14:27:36 [backend] 	at org.springframework.context.support.PostProcessorRegistrationDelegate.invokeBeanFactoryPostProcessors(PostProcessorRegistrationDelegate.java:118) ~[spring-context-6.1.1.jar!/:6.1.1]
14:27:36 [backend] 	at org.springframework.context.support.AbstractApplicationContext.invokeBeanFactoryPostProcessors(AbstractApplicationContext.java:775) ~[spring-context-6.1.1.jar!/:6.1.1]
14:27:36 [backend] 	at org.springframework.context.support.AbstractApplicationContext.refresh(AbstractApplicationContext.java:597) ~[spring-context-6.1.1.jar!/:6.1.1]
14:27:36 [backend] 	at org.springframework.boot.web.servlet.context.ServletWebServerApplicationContext.refresh(ServletWebServerApplicationContext.java:146) ~[spring-boot-3.2.0.jar!/:3.2.0]
14:27:36 [backend] 	at org.springframework.boot.SpringApplication.refresh(SpringApplication.java:753) ~[spring-boot-3.2.0.jar!/:3.2.0]
14:27:36 [backend] 	at org.springframework.boot.SpringApplication.refreshContext(SpringApplication.java:455) ~[spring-boot-3.2.0.jar!/:3.2.0]
14:27:36 [backend] 	at org.springframework.boot.SpringApplication.run(SpringApplication.java:323) ~[spring-boot-3.2.0.jar!/:3.2.0]
14:27:36 [backend] 	at org.springframework.boot.SpringApplication.run(SpringApplication.java:1342) ~[spring-boot-3.2.0.jar!/:3.2.0]
14:27:36 [backend] 	at org.springframework.boot.SpringApplication.run(SpringApplication.java:1331) ~[spring-boot-3.2.0.jar!/:3.2.0]
14:27:36 [backend] 	at org.example.studyroom.StudyRoomApplication.main(StudyRoomApplication.java:11) ~[!/:0.0.1-SNAPSHOT]
14:27:36 [backend] 	at java.base/jdk.internal.reflect.DirectMethodHandleAccessor.invoke(DirectMethodHandleAccessor.java:103) ~[na:na]
14:27:36 [backend] 	at java.base/java.lang.reflect.Method.invoke(Method.java:580) ~[na:na]
14:27:36 [backend] 	at org.springframework.boot.loader.launch.Launcher.launch(Launcher.java:91) ~[studyroom.jar:0.0.1-SNAPSHOT]
14:27:36 [backend] 	at org.springframework.boot.loader.launch.Launcher.launch(Launcher.java:53) ~[studyroom.jar:0.0.1-SNAPSHOT]
14:27:36 [backend] 	at org.springframework.boot.loader.launch.JarLauncher.main(JarLauncher.java:58) ~[studyroom.jar:0.0.1-SNAPSHOT]
14:27:36 [backend] Caused by: java.io.IOException: ASM ClassReader failed to parse class file - probably due to a new Java class file version that isn't supported yet: URL [jar:nested:/C:/Users/flxd/Desktop/宸ヤ綔鏂囦欢/杞欢宸ョ▼/studyroom_submit/backend/studyroom.jar/!BOOT-INF/classes/!/org/example/studyroom/controller/ShutdownController.class]
14:27:36 [backend] 	at org.springframework.core.type.classreading.SimpleMetadataReader.getClassReader(SimpleMetadataReader.java:59) ~[spring-core-6.1.1.jar!/:6.1.1]
14:27:36 [backend] 	at org.springframework.core.type.classreading.SimpleMetadataReader.<init>(SimpleMetadataReader.java:48) ~[spring-core-6.1.1.jar!/:6.1.1]
14:27:36 [backend] 	at org.springframework.core.type.classreading.SimpleMetadataReaderFactory.getMetadataReader(SimpleMetadataReaderFactory.java:103) ~[spring-core-6.1.1.jar!/:6.1.1]
14:27:36 [backend] 	at org.springframework.core.type.classreading.CachingMetadataReaderFactory.getMetadataReader(CachingMetadataReaderFactory.java:122) ~[spring-core-6.1.1.jar!/:6.1.1]
14:27:36 [backend] 	at org.springframework.context.annotation.ClassPathScanningCandidateComponentProvider.scanCandidateComponents(ClassPathScanningCandidateComponentProvider.java:456) ~[spring-context-6.1.1.jar!/:6.1.1]
14:27:36 [backend] 	... 25 common frames omitted
14:27:36 [backend] Caused by: java.lang.IllegalArgumentException: Unsupported class file major version 67
14:27:36 [backend] 	at org.springframework.asm.ClassReader.<init>(ClassReader.java:199) ~[spring-core-6.1.1.jar!/:6.1.1]
14:27:36 [backend] 	at org.springframework.asm.ClassReader.<init>(ClassReader.java:180) ~[spring-core-6.1.1.jar!/:6.1.1]
14:27:36 [backend] 	at org.springframework.asm.ClassReader.<init>(ClassReader.java:166) ~[spring-core-6.1.1.jar!/:6.1.1]
14:27:36 [backend] 	at org.springframework.asm.ClassReader.<init>(ClassReader.java:287) ~[spring-core-6.1.1.jar!/:6.1.1]
14:27:36 [backend] 	at org.springframework.core.type.classreading.SimpleMetadataReader.getClassReader(SimpleMetadataReader.java:56) ~[spring-core-6.1.1.jar!/:6.1.1]
14:27:36 [backend] 	... 29 common frames omitted
14:27:36 [backend] 
14:27:36 等待后端... (1s) Timeout
14:27:37 后端进程已退出，退出码: 1
14:27:37 [ERROR] 后端服务启动超时(90秒)!

请检查:
1. 端口 8082 是否被占用
2. Java 版本是否兼容

详见日志: C:\Users\flxd\Desktop\工作文件\软件工程\studyroom_submit\launcher.log
14:29:09 === 自习室预约系统启动器 ===
14:29:09 程序目录: C:\Users\flxd\Desktop\工作文件\软件工程\studyroom_submit
14:29:09 Java版本: java version "23.0.2" 2025-01-21
14:29:09 后端JAR: C:\Users\flxd\Desktop\工作文件\软件工程\studyroom_submit\backend\studyroom.jar
14:29:09 客户端目录: C:\Users\flxd\Desktop\工作文件\软件工程\studyroom_submit\electron_client
14:29:09 [1/3] 启动后端服务...
14:29:09 后端PID: 2844
14:29:09 [2/3] 等待后端就绪 (最长90秒)...
14:29:10 [backend] 
14:29:10 [backend]   .   ____          _            __ _ _
14:29:10 [backend]  /\\ / ___'_ __ _ _(_)_ __  __ _ \ \ \ \
14:29:10 [backend] ( ( )\___ | '_ | '_| | '_ \/ _` | \ \ \ \
14:29:10 [backend]  \\/  ___)| |_)| | | | | || (_| |  ) ) ) )
14:29:10 [backend]   '  |____| .__|_| |_|_| |_\__, | / / / /
14:29:10 [backend]  =========|_|==============|___/=/_/_/_/
14:29:10 [backend]  :: Spring Boot ::                (v3.2.0)
14:29:10 [backend] 
14:29:10 [backend] 2026-06-12T14:29:10.441+08:00  INFO 28892 --- [           main] o.e.studyroom.StudyRoomApplication       : Starting StudyRoomApplication v0.0.1-SNAPSHOT using Java 23.0.2 with PID 28892 (C:\Users\flxd\Desktop\宸ヤ綔鏂囦欢\杞欢宸ョ▼\studyroom_submit\backend\studyroom.jar started by flxd in C:\Users\flxd\Desktop\宸ヤ綔鏂囦欢\杞欢宸ョ▼\studyroom_submit\backend)
14:29:10 [backend] 2026-06-12T14:29:10.443+08:00  INFO 28892 --- [           main] o.e.studyroom.StudyRoomApplication       : The following 1 profile is active: "demo"
14:29:10 [backend] 2026-06-12T14:29:10.594+08:00  WARN 28892 --- [           main] ConfigServletWebServerApplicationContext : Exception encountered during context initialization - cancelling refresh attempt: org.springframework.beans.factory.BeanDefinitionStoreException: Failed to read candidate component class: URL [jar:nested:/C:/Users/flxd/Desktop/宸ヤ綔鏂囦欢/杞欢宸ョ▼/studyroom_submit/backend/studyroom.jar/!BOOT-INF/classes/!/org/example/studyroom/controller/ShutdownController.class]
14:29:10 [backend] 2026-06-12T14:29:10.614+08:00 ERROR 28892 --- [           main] o.s.boot.SpringApplication               : Application run failed
14:29:10 [backend] 
14:29:10 [backend] org.springframework.beans.factory.BeanDefinitionStoreException: Failed to read candidate component class: URL [jar:nested:/C:/Users/flxd/Desktop/宸ヤ綔鏂囦欢/杞欢宸ョ▼/studyroom_submit/backend/studyroom.jar/!BOOT-INF/classes/!/org/example/studyroom/controller/ShutdownController.class]
14:29:10 [backend] 	at org.springframework.context.annotation.ClassPathScanningCandidateComponentProvider.scanCandidateComponents(ClassPathScanningCandidateComponentProvider.java:484) ~[spring-context-6.1.1.jar!/:6.1.1]
14:29:10 [backend] 	at org.springframework.context.annotation.ClassPathScanningCandidateComponentProvider.findCandidateComponents(ClassPathScanningCandidateComponentProvider.java:337) ~[spring-context-6.1.1.jar!/:6.1.1]
14:29:10 [backend] 	at org.springframework.context.annotation.ClassPathBeanDefinitionScanner.doScan(ClassPathBeanDefinitionScanner.java:277) ~[spring-context-6.1.1.jar!/:6.1.1]
14:29:10 [backend] 	at org.springframework.context.annotation.ComponentScanAnnotationParser.parse(ComponentScanAnnotationParser.java:128) ~[spring-context-6.1.1.jar!/:6.1.1]
14:29:10 [backend] 	at org.springframework.context.annotation.ConfigurationClassParser.doProcessConfigurationClass(ConfigurationClassParser.java:296) ~[spring-context-6.1.1.jar!/:6.1.1]
14:29:10 [backend] 	at org.springframework.context.annotation.ConfigurationClassParser.processConfigurationClass(ConfigurationClassParser.java:245) ~[spring-context-6.1.1.jar!/:6.1.1]
14:29:10 [backend] 	at org.springframework.context.annotation.ConfigurationClassParser.parse(ConfigurationClassParser.java:196) ~[spring-context-6.1.1.jar!/:6.1.1]
14:29:10 [backend] 	at org.springframework.context.annotation.ConfigurationClassParser.parse(ConfigurationClassParser.java:164) ~[spring-context-6.1.1.jar!/:6.1.1]
14:29:10 [backend] 	at org.springframework.context.annotation.ConfigurationClassPostProcessor.processConfigBeanDefinitions(ConfigurationClassPostProcessor.java:416) ~[spring-context-6.1.1.jar!/:6.1.1]
14:29:10 [backend] 	at org.springframework.context.annotation.ConfigurationClassPostProcessor.postProcessBeanDefinitionRegistry(ConfigurationClassPostProcessor.java:289) ~[spring-context-6.1.1.jar!/:6.1.1]
14:29:10 [backend] 	at org.springframework.context.support.PostProcessorRegistrationDelegate.invokeBeanDefinitionRegistryPostProcessors(PostProcessorRegistrationDelegate.java:349) ~[spring-context-6.1.1.jar!/:6.1.1]
14:29:10 [backend] 	at org.springframework.context.support.PostProcessorRegistrationDelegate.invokeBeanFactoryPostProcessors(PostProcessorRegistrationDelegate.java:118) ~[spring-context-6.1.1.jar!/:6.1.1]
14:29:10 [backend] 	at org.springframework.context.support.AbstractApplicationContext.invokeBeanFactoryPostProcessors(AbstractApplicationContext.java:775) ~[spring-context-6.1.1.jar!/:6.1.1]
14:29:10 [backend] 	at org.springframework.context.support.AbstractApplicationContext.refresh(AbstractApplicationContext.java:597) ~[spring-context-6.1.1.jar!/:6.1.1]
14:29:10 [backend] 	at org.springframework.boot.web.servlet.context.ServletWebServerApplicationContext.refresh(ServletWebServerApplicationContext.java:146) ~[spring-boot-3.2.0.jar!/:3.2.0]
14:29:10 [backend] 	at org.springframework.boot.SpringApplication.refresh(SpringApplication.java:753) ~[spring-boot-3.2.0.jar!/:3.2.0]
14:29:10 [backend] 	at org.springframework.boot.SpringApplication.refreshContext(SpringApplication.java:455) ~[spring-boot-3.2.0.jar!/:3.2.0]
14:29:10 [backend] 	at org.springframework.boot.SpringApplication.run(SpringApplication.java:323) ~[spring-boot-3.2.0.jar!/:3.2.0]
14:29:10 [backend] 	at org.springframework.boot.SpringApplication.run(SpringApplication.java:1342) ~[spring-boot-3.2.0.jar!/:3.2.0]
14:29:10 [backend] 	at org.springframework.boot.SpringApplication.run(SpringApplication.java:1331) ~[spring-boot-3.2.0.jar!/:3.2.0]
14:29:10 [backend] 	at org.example.studyroom.StudyRoomApplication.main(StudyRoomApplication.java:11) ~[!/:0.0.1-SNAPSHOT]
14:29:10 [backend] 	at java.base/jdk.internal.reflect.DirectMethodHandleAccessor.invoke(DirectMethodHandleAccessor.java:103) ~[na:na]
14:29:10 [backend] 	at java.base/java.lang.reflect.Method.invoke(Method.java:580) ~[na:na]
14:29:10 [backend] 	at org.springframework.boot.loader.launch.Launcher.launch(Launcher.java:91) ~[studyroom.jar:0.0.1-SNAPSHOT]
14:29:10 [backend] 	at org.springframework.boot.loader.launch.Launcher.launch(Launcher.java:53) ~[studyroom.jar:0.0.1-SNAPSHOT]
14:29:10 [backend] 	at org.springframework.boot.loader.launch.JarLauncher.main(JarLauncher.java:58) ~[studyroom.jar:0.0.1-SNAPSHOT]
14:29:10 [backend] Caused by: java.io.IOException: ASM ClassReader failed to parse class file - probably due to a new Java class file version that isn't supported yet: URL [jar:nested:/C:/Users/flxd/Desktop/宸ヤ綔鏂囦欢/杞欢宸ョ▼/studyroom_submit/backend/studyroom.jar/!BOOT-INF/classes/!/org/example/studyroom/controller/ShutdownController.class]
14:29:10 [backend] 	at org.springframework.core.type.classreading.SimpleMetadataReader.getClassReader(SimpleMetadataReader.java:59) ~[spring-core-6.1.1.jar!/:6.1.1]
14:29:10 [backend] 	at org.springframework.core.type.classreading.SimpleMetadataReader.<init>(SimpleMetadataReader.java:48) ~[spring-core-6.1.1.jar!/:6.1.1]
14:29:10 [backend] 	at org.springframework.core.type.classreading.SimpleMetadataReaderFactory.getMetadataReader(SimpleMetadataReaderFactory.java:103) ~[spring-core-6.1.1.jar!/:6.1.1]
14:29:10 [backend] 	at org.springframework.core.type.classreading.CachingMetadataReaderFactory.getMetadataReader(CachingMetadataReaderFactory.java:122) ~[spring-core-6.1.1.jar!/:6.1.1]
14:29:10 [backend] 	at org.springframework.context.annotation.ClassPathScanningCandidateComponentProvider.scanCandidateComponents(ClassPathScanningCandidateComponentProvider.java:456) ~[spring-context-6.1.1.jar!/:6.1.1]
14:29:10 [backend] 	... 25 common frames omitted
14:29:10 [backend] Caused by: java.lang.IllegalArgumentException: Unsupported class file major version 67
14:29:10 [backend] 	at org.springframework.asm.ClassReader.<init>(ClassReader.java:199) ~[spring-core-6.1.1.jar!/:6.1.1]
14:29:10 [backend] 	at org.springframework.asm.ClassReader.<init>(ClassReader.java:180) ~[spring-core-6.1.1.jar!/:6.1.1]
14:29:10 [backend] 	at org.springframework.asm.ClassReader.<init>(ClassReader.java:166) ~[spring-core-6.1.1.jar!/:6.1.1]
14:29:10 [backend] 	at org.springframework.asm.ClassReader.<init>(ClassReader.java:287) ~[spring-core-6.1.1.jar!/:6.1.1]
14:29:10 [backend] 	at org.springframework.core.type.classreading.SimpleMetadataReader.getClassReader(SimpleMetadataReader.java:56) ~[spring-core-6.1.1.jar!/:6.1.1]
14:29:10 [backend] 	... 29 common frames omitted
14:29:10 [backend] 
14:29:11 等待后端... (1s) Timeout
14:29:12 后端进程已退出，退出码: 1
14:29:12 [ERROR] 后端服务启动超时(90秒)!

请检查:
1. 端口 8082 是否被占用
2. Java 版本是否兼容

详见日志: C:\Users\flxd\Desktop\工作文件\软件工程\studyroom_submit\launcher.log
14:38:28 === 自习室预约系统启动器 ===
14:38:28 程序目录: C:\Users\flxd\Desktop\工作文件\软件工程\studyroom_submit
14:38:29 Java版本: java version "23.0.2" 2025-01-21
14:38:29 后端JAR: C:\Users\flxd\Desktop\工作文件\软件工程\studyroom_submit\backend\studyroom.jar
14:38:29 客户端目录: C:\Users\flxd\Desktop\工作文件\软件工程\studyroom_submit\electron_client
14:38:29 [1/3] 启动后端服务...
14:38:29 后端PID: 24956
14:38:29 [2/3] 等待后端就绪 (最长90秒)...
14:38:29 [backend] 
14:38:29 [backend]   .   ____          _            __ _ _
14:38:29 [backend]  /\\ / ___'_ __ _ _(_)_ __  __ _ \ \ \ \
14:38:29 [backend] ( ( )\___ | '_ | '_| | '_ \/ _` | \ \ \ \
14:38:29 [backend]  \\/  ___)| |_)| | | | | || (_| |  ) ) ) )
14:38:29 [backend]   '  |____| .__|_| |_|_| |_\__, | / / / /
14:38:29 [backend]  =========|_|==============|___/=/_/_/_/
14:38:29 [backend]  :: Spring Boot ::                (v3.2.0)
14:38:29 [backend] 
14:38:30 [backend] 2026-06-12T14:38:30.073+08:00  INFO 22616 --- [           main] o.e.studyroom.StudyRoomApplication       : Starting StudyRoomApplication v0.0.1-SNAPSHOT using Java 23.0.2 with PID 22616 (C:\Users\flxd\Desktop\宸ヤ綔鏂囦欢\杞欢宸ョ▼\studyroom_submit\backend\studyroom.jar started by flxd in C:\Users\flxd\Desktop\宸ヤ綔鏂囦欢\杞欢宸ョ▼\studyroom_submit\backend)
14:38:30 [backend] 2026-06-12T14:38:30.075+08:00  INFO 22616 --- [           main] o.e.studyroom.StudyRoomApplication       : The following 1 profile is active: "demo"
14:38:30 等待后端... (1s) Timeout
14:38:31 [backend] 2026-06-12T14:38:31.072+08:00  INFO 22616 --- [           main] o.s.b.w.embedded.tomcat.TomcatWebServer  : Tomcat initialized with port 8082 (http)
14:38:31 [backend] 2026-06-12T14:38:31.081+08:00  INFO 22616 --- [           main] o.apache.catalina.core.StandardService   : Starting service [Tomcat]
14:38:31 [backend] 2026-06-12T14:38:31.081+08:00  INFO 22616 --- [           main] o.apache.catalina.core.StandardEngine    : Starting Servlet engine: [Apache Tomcat/10.1.16]
14:38:31 [backend] 2026-06-12T14:38:31.119+08:00  INFO 22616 --- [           main] o.a.c.c.C.[Tomcat].[localhost].[/]       : Initializing Spring embedded WebApplicationContext
14:38:31 [backend] 2026-06-12T14:38:31.120+08:00  INFO 22616 --- [           main] w.s.c.ServletWebServerApplicationContext : Root WebApplicationContext: initialization completed in 981 ms
14:38:31 [backend] 2026-06-12T14:38:31.144+08:00  INFO 22616 --- [           main] com.zaxxer.hikari.HikariDataSource       : HikariPool-1 - Starting...
14:38:31 [backend] 2026-06-12T14:38:31.295+08:00  INFO 22616 --- [           main] com.zaxxer.hikari.pool.HikariPool        : HikariPool-1 - Added connection conn0: url=jdbc:h2:file:./data/studyroom user=SA
14:38:31 [backend] 2026-06-12T14:38:31.296+08:00  INFO 22616 --- [           main] com.zaxxer.hikari.HikariDataSource       : HikariPool-1 - Start completed.
14:38:31 [backend] 2026-06-12T14:38:31.304+08:00  INFO 22616 --- [           main] o.s.b.a.h2.H2ConsoleAutoConfiguration    : H2 console available at '/h2-console'. Database available at 'jdbc:h2:file:./data/studyroom'
14:38:31 [backend] ══════════════════════════════════════════════
14:38:31 [backend] 【邮箱未配置】验证码将打印到控制台，请查看后端日志
14:38:31 [backend] ══════════════════════════════════════════════
14:38:31 [backend] 2026-06-12T14:38:31.868+08:00  INFO 22616 --- [           main] o.s.b.a.w.s.WelcomePageHandlerMapping    : Adding welcome page: class path resource [static/index.html]
14:38:32 [backend] 2026-06-12T14:38:32.219+08:00  INFO 22616 --- [           main] o.s.b.w.embedded.tomcat.TomcatWebServer  : Tomcat started on port 8082 (http) with context path ''
14:38:32 [backend] 2026-06-12T14:38:32.230+08:00  INFO 22616 --- [           main] o.e.studyroom.StudyRoomApplication       : Started StudyRoomApplication in 2.526 seconds (process running for 2.943)
14:38:32 [backend] 2026-06-12T14:38:32.322+08:00  INFO 22616 --- [0.0-8082-exec-1] o.a.c.c.C.[Tomcat].[localhost].[/]       : Initializing Spring DispatcherServlet 'dispatcherServlet'
14:38:32 [backend] 2026-06-12T14:38:32.323+08:00  INFO 22616 --- [0.0-8082-exec-1] o.s.web.servlet.DispatcherServlet        : Initializing Servlet 'dispatcherServlet'
14:38:32 [backend] 2026-06-12T14:38:32.323+08:00  INFO 22616 --- [0.0-8082-exec-1] o.s.web.servlet.DispatcherServlet        : Completed initialization in 0 ms
14:38:32 后端响应: OK
14:38:32 后端就绪: http://localhost:8082
14:38:32 [3/3] 启动桌面客户端...
14:38:32 尝试启动: npx electron .
14:38:32 [electron] 
14:38:33 [electron-err] [19960:0612/143833.148:ERROR:cache_util_win.cc(20)] Unable to move the cache: 鎷掔粷璁块棶銆?(0x5)
14:38:33 [electron-err] [19960:0612/143833.149:ERROR:disk_cache.cc(208)] Unable to create cache
14:38:33 [electron-err] [19960:0612/143833.149:ERROR:gpu_disk_cache.cc(713)] Gpu Cache Creation failed: -2
14:38:33 [electron-err] [19960:0612/143833.149:ERROR:cache_util_win.cc(20)] Unable to move the cache: 鎷掔粷璁块棶銆?(0x5)
14:38:33 [electron-err] [19960:0612/143833.149:ERROR:cache_util_win.cc(20)] Unable to move the cache: 鎷掔粷璁块棶銆?(0x5)
14:38:33 [electron-err] [19960:0612/143833.150:ERROR:disk_cache.cc(208)] Unable to create cache
14:38:33 [electron-err] [19960:0612/143833.150:ERROR:gpu_disk_cache.cc(713)] Gpu Cache Creation failed: -2
14:38:33 [electron-err] [19960:0612/143833.150:ERROR:disk_cache.cc(208)] Unable to create cache
14:38:33 [electron-err] [19960:0612/143833.150:ERROR:gpu_disk_cache.cc(713)] Gpu Cache Creation failed: -2
14:38:42 [backend] 2026-06-12T14:38:42.941+08:00  INFO 22616 --- [       Thread-2] com.zaxxer.hikari.HikariDataSource       : HikariPool-1 - Shutdown initiated...
14:38:42 [backend] 2026-06-12T14:38:42.943+08:00  INFO 22616 --- [       Thread-2] com.zaxxer.hikari.HikariDataSource       : HikariPool-1 - Shutdown completed.
14:38:45 === 自习室预约系统启动器 ===
14:38:45 程序目录: C:\Users\flxd\Desktop\工作文件\软件工程\studyroom_submit
14:38:45 Java版本: java version "23.0.2" 2025-01-21
14:38:45 后端JAR: C:\Users\flxd\Desktop\工作文件\软件工程\studyroom_submit\backend\studyroom.jar
14:38:45 客户端目录: C:\Users\flxd\Desktop\工作文件\软件工程\studyroom_submit\electron_client
14:38:45 [1/3] 启动后端服务...
14:38:45 后端PID: 12112
14:38:45 [2/3] 等待后端就绪 (最长90秒)...
14:38:46 [backend] 
14:38:46 [backend]   .   ____          _            __ _ _
14:38:46 [backend]  /\\ / ___'_ __ _ _(_)_ __  __ _ \ \ \ \
14:38:46 [backend] ( ( )\___ | '_ | '_| | '_ \/ _` | \ \ \ \
14:38:46 [backend]  \\/  ___)| |_)| | | | | || (_| |  ) ) ) )
14:38:46 [backend]   '  |____| .__|_| |_|_| |_\__, | / / / /
14:38:46 [backend]  =========|_|==============|___/=/_/_/_/
14:38:46 [backend]  :: Spring Boot ::                (v3.2.0)
14:38:46 [backend] 
14:38:46 [backend] 2026-06-12T14:38:46.628+08:00  INFO 30416 --- [           main] o.e.studyroom.StudyRoomApplication       : Starting StudyRoomApplication v0.0.1-SNAPSHOT using Java 23.0.2 with PID 30416 (C:\Users\flxd\Desktop\宸ヤ綔鏂囦欢\杞欢宸ョ▼\studyroom_submit\backend\studyroom.jar started by flxd in C:\Users\flxd\Desktop\宸ヤ綔鏂囦欢\杞欢宸ョ▼\studyroom_submit\backend)
14:38:46 [backend] 2026-06-12T14:38:46.630+08:00  INFO 30416 --- [           main] o.e.studyroom.StudyRoomApplication       : The following 1 profile is active: "demo"
14:38:47 等待后端... (1s) Timeout
14:38:47 [backend] 2026-06-12T14:38:47.477+08:00  INFO 30416 --- [           main] o.s.b.w.embedded.tomcat.TomcatWebServer  : Tomcat initialized with port 8082 (http)
14:38:47 [backend] 2026-06-12T14:38:47.486+08:00  INFO 30416 --- [           main] o.apache.catalina.core.StandardService   : Starting service [Tomcat]
14:38:47 [backend] 2026-06-12T14:38:47.486+08:00  INFO 30416 --- [           main] o.apache.catalina.core.StandardEngine    : Starting Servlet engine: [Apache Tomcat/10.1.16]
14:38:47 [backend] 2026-06-12T14:38:47.520+08:00  INFO 30416 --- [           main] o.a.c.c.C.[Tomcat].[localhost].[/]       : Initializing Spring embedded WebApplicationContext
14:38:47 [backend] 2026-06-12T14:38:47.520+08:00  INFO 30416 --- [           main] w.s.c.ServletWebServerApplicationContext : Root WebApplicationContext: initialization completed in 834 ms
14:38:47 [backend] 2026-06-12T14:38:47.540+08:00  INFO 30416 --- [           main] com.zaxxer.hikari.HikariDataSource       : HikariPool-1 - Starting...
14:38:47 [backend] 2026-06-12T14:38:47.700+08:00  INFO 30416 --- [           main] com.zaxxer.hikari.pool.HikariPool        : HikariPool-1 - Added connection conn0: url=jdbc:h2:file:./data/studyroom user=SA
14:38:47 [backend] 2026-06-12T14:38:47.701+08:00  INFO 30416 --- [           main] com.zaxxer.hikari.HikariDataSource       : HikariPool-1 - Start completed.
14:38:47 [backend] 2026-06-12T14:38:47.709+08:00  INFO 30416 --- [           main] o.s.b.a.h2.H2ConsoleAutoConfiguration    : H2 console available at '/h2-console'. Database available at 'jdbc:h2:file:./data/studyroom'
14:38:48 [backend] ══════════════════════════════════════════════
14:38:48 [backend] 【邮箱未配置】验证码将打印到控制台，请查看后端日志
14:38:48 [backend] ══════════════════════════════════════════════
14:38:48 [backend] 2026-06-12T14:38:48.151+08:00  INFO 30416 --- [           main] o.s.b.a.w.s.WelcomePageHandlerMapping    : Adding welcome page: class path resource [static/index.html]
14:38:48 [backend] 2026-06-12T14:38:48.428+08:00  INFO 30416 --- [           main] o.s.b.w.embedded.tomcat.TomcatWebServer  : Tomcat started on port 8082 (http) with context path ''
14:38:48 [backend] 2026-06-12T14:38:48.439+08:00  INFO 30416 --- [           main] o.e.studyroom.StudyRoomApplication       : Started StudyRoomApplication in 2.154 seconds (process running for 2.558)
14:38:48 [backend] 2026-06-12T14:38:48.918+08:00  INFO 30416 --- [0.0-8082-exec-1] o.a.c.c.C.[Tomcat].[localhost].[/]       : Initializing Spring DispatcherServlet 'dispatcherServlet'
14:38:48 [backend] 2026-06-12T14:38:48.918+08:00  INFO 30416 --- [0.0-8082-exec-1] o.s.web.servlet.DispatcherServlet        : Initializing Servlet 'dispatcherServlet'
14:38:48 [backend] 2026-06-12T14:38:48.918+08:00  INFO 30416 --- [0.0-8082-exec-1] o.s.web.servlet.DispatcherServlet        : Completed initialization in 0 ms
14:38:48 后端响应: OK
14:38:48 后端就绪: http://localhost:8082
14:38:48 [3/3] 启动桌面客户端...
14:38:48 尝试启动: npx electron .
14:38:49 [electron] 
14:38:49 [electron-err] [2880:0612/143849.723:ERROR:cache_util_win.cc(20)] Unable to move the cache: 鎷掔粷璁块棶銆?(0x5)
14:38:49 [electron-err] [2880:0612/143849.723:ERROR:cache_util_win.cc(20)] Unable to move the cache: 鎷掔粷璁块棶銆?(0x5)
14:38:49 [electron-err] [2880:0612/143849.723:ERROR:cache_util_win.cc(20)] Unable to move the cache: 鎷掔粷璁块棶銆?(0x5)
14:38:49 [electron-err] [2880:0612/143849.723:ERROR:disk_cache.cc(208)] Unable to create cache
14:38:49 [electron-err] [2880:0612/143849.723:ERROR:gpu_disk_cache.cc(713)] Gpu Cache Creation failed: -2
14:38:49 [electron-err] [2880:0612/143849.723:ERROR:disk_cache.cc(208)] Unable to create cache
14:38:49 [electron-err] [2880:0612/143849.723:ERROR:gpu_disk_cache.cc(713)] Gpu Cache Creation failed: -2
14:38:49 [electron-err] [2880:0612/143849.723:ERROR:disk_cache.cc(208)] Unable to create cache
14:38:49 [electron-err] [2880:0612/143849.723:ERROR:gpu_disk_cache.cc(713)] Gpu Cache Creation failed: -2
14:39:14 [backend] 2026-06-12T14:39:14.518+08:00 ERROR 30416 --- [0.0-8082-exec-7] o.a.c.c.C.[.[.[/].[dispatcherServlet]    : Servlet.service() for servlet [dispatcherServlet] in context with path [] threw exception [Request processing failed: org.springframework.jdbc.BadSqlGrammarException: 
14:39:14 [backend] ### Error querying database.  Cause: org.h2.jdbc.JdbcSQLSyntaxErrorException: Table "user" not found (candidates are: "USER"); SQL statement:
14:39:14 [backend] SELECT user_id AS id, student_id AS studentId, username, password, role, email, status FROM "user" WHERE student_id=? [42103-224]
14:39:14 [backend] ### The error may exist in org/example/studyroom/mapper/UserMapper.java (best guess)
14:39:14 [backend] ### The error may involve org.example.studyroom.mapper.UserMapper.findByStudentId
14:39:14 [backend] ### The error occurred while executing a query
14:39:14 [backend] ### SQL: SELECT user_id AS id, student_id AS studentId, username, password, role, email, status FROM "user" WHERE student_id=?
14:39:14 [backend] ### Cause: org.h2.jdbc.JdbcSQLSyntaxErrorException: Table "user" not found (candidates are: "USER"); SQL statement:
14:39:14 [backend] SELECT user_id AS id, student_id AS studentId, username, password, role, email, status FROM "user" WHERE student_id=? [42103-224]
14:39:14 [backend] ; bad SQL grammar []] with root cause
14:39:14 [backend] 
14:39:14 [backend] org.h2.jdbc.JdbcSQLSyntaxErrorException: Table "user" not found (candidates are: "USER"); SQL statement:
14:39:14 [backend] SELECT user_id AS id, student_id AS studentId, username, password, role, email, status FROM "user" WHERE student_id=? [42103-224]
14:39:14 [backend] 	at org.h2.message.DbException.getJdbcSQLException(DbException.java:514) ~[h2-2.2.224.jar!/:na]
14:39:14 [backend] 	at org.h2.message.DbException.getJdbcSQLException(DbException.java:489) ~[h2-2.2.224.jar!/:na]
14:39:14 [backend] 	at org.h2.message.DbException.get(DbException.java:223) ~[h2-2.2.224.jar!/:na]
14:39:14 [backend] 	at org.h2.command.Parser.getTableOrViewNotFoundDbException(Parser.java:8067) ~[h2-2.2.224.jar!/:na]
14:39:14 [backend] 	at org.h2.command.Parser.getTableOrViewNotFoundDbException(Parser.java:8035) ~[h2-2.2.224.jar!/:na]
14:39:14 [backend] 	at org.h2.command.Parser.readTableOrView(Parser.java:8024) ~[h2-2.2.224.jar!/:na]
14:39:14 [backend] 	at org.h2.command.Parser.readTablePrimary(Parser.java:1788) ~[h2-2.2.224.jar!/:na]
14:39:14 [backend] 	at org.h2.command.Parser.readTableReference(Parser.java:2268) ~[h2-2.2.224.jar!/:na]
14:39:14 [backend] 	at org.h2.command.Parser.parseSelectFromPart(Parser.java:2718) ~[h2-2.2.224.jar!/:na]
14:39:14 [backend] 	at org.h2.command.Parser.parseSelect(Parser.java:2824) ~[h2-2.2.224.jar!/:na]
14:39:14 [backend] 	at org.h2.command.Parser.parseQueryPrimary(Parser.java:2708) ~[h2-2.2.224.jar!/:na]
14:39:14 [backend] 	at org.h2.command.Parser.parseQueryTerm(Parser.java:2564) ~[h2-2.2.224.jar!/:na]
14:39:14 [backend] 	at org.h2.command.Parser.parseQueryExpressionBody(Parser.java:2543) ~[h2-2.2.224.jar!/:na]
14:39:14 [backend] 	at org.h2.command.Parser.parseQueryExpressionBodyAndEndOfQuery(Parser.java:2536) ~[h2-2.2.224.jar!/:na]
14:39:14 [backend] 	at org.h2.command.Parser.parseQueryExpression(Parser.java:2529) ~[h2-2.2.224.jar!/:na]
14:39:14 [backend] 	at org.h2.command.Parser.parseQuery(Parser.java:2498) ~[h2-2.2.224.jar!/:na]
14:39:14 [backend] 	at org.h2.command.Parser.parsePrepared(Parser.java:627) ~[h2-2.2.224.jar!/:na]
14:39:14 [backend] 	at org.h2.command.Parser.parse(Parser.java:592) ~[h2-2.2.224.jar!/:na]
14:39:14 [backend] 	at org.h2.command.Parser.parse(Parser.java:564) ~[h2-2.2.224.jar!/:na]
14:39:14 [backend] 	at org.h2.command.Parser.prepareCommand(Parser.java:483) ~[h2-2.2.224.jar!/:na]
14:39:14 [backend] 	at org.h2.engine.SessionLocal.prepareLocal(SessionLocal.java:639) ~[h2-2.2.224.jar!/:na]
14:39:14 [backend] 	at org.h2.engine.SessionLocal.prepareCommand(SessionLocal.java:559) ~[h2-2.2.224.jar!/:na]
14:39:14 [backend] 	at org.h2.jdbc.JdbcConnection.prepareCommand(JdbcConnection.java:1166) ~[h2-2.2.224.jar!/:na]
14:39:14 [backend] 	at org.h2.jdbc.JdbcPreparedStatement.<init>(JdbcPreparedStatement.java:93) ~[h2-2.2.224.jar!/:na]
14:39:14 [backend] 	at org.h2.jdbc.JdbcConnection.prepareStatement(JdbcConnection.java:316) ~[h2-2.2.224.jar!/:na]
14:39:14 [backend] 	at com.zaxxer.hikari.pool.ProxyConnection.prepareStatement(ProxyConnection.java:327) ~[HikariCP-5.0.1.jar!/:na]
14:39:14 [backend] 	at com.zaxxer.hikari.pool.HikariProxyConnection.prepareStatement(HikariProxyConnection.java) ~[HikariCP-5.0.1.jar!/:na]
14:39:14 [backend] 	at org.apache.ibatis.executor.statement.PreparedStatementHandler.instantiateStatement(PreparedStatementHandler.java:88) ~[mybatis-3.5.14.jar!/:3.5.14]
14:39:14 [backend] 	at org.apache.ibatis.executor.statement.BaseStatementHandler.prepare(BaseStatementHandler.java:90) ~[mybatis-3.5.14.jar!/:3.5.14]
14:39:14 [backend] 	at org.apache.ibatis.executor.statement.RoutingStatementHandler.prepare(RoutingStatementHandler.java:60) ~[mybatis-3.5.14.jar!/:3.5.14]
14:39:14 [backend] 	at org.apache.ibatis.executor.SimpleExecutor.prepareStatement(SimpleExecutor.java:90) ~[mybatis-3.5.14.jar!/:3.5.14]
14:39:14 [backend] 	at org.apache.ibatis.executor.SimpleExecutor.doQuery(SimpleExecutor.java:64) ~[mybatis-3.5.14.jar!/:3.5.14]
14:39:14 [backend] 	at org.apache.ibatis.executor.BaseExecutor.queryFromDatabase(BaseExecutor.java:336) ~[mybatis-3.5.14.jar!/:3.5.14]
14:39:14 [backend] 	at org.apache.ibatis.executor.BaseExecutor.query(BaseExecutor.java:158) ~[mybatis-3.5.14.jar!/:3.5.14]
14:39:14 [backend] 	at org.apache.ibatis.executor.CachingExecutor.query(CachingExecutor.java:110) ~[mybatis-3.5.14.jar!/:3.5.14]
14:39:14 [backend] 	at org.apache.ibatis.executor.CachingExecutor.query(CachingExecutor.java:90) ~[mybatis-3.5.14.jar!/:3.5.14]
14:39:14 [backend] 	at org.apache.ibatis.session.defaults.DefaultSqlSession.selectList(DefaultSqlSession.java:154) ~[mybatis-3.5.14.jar!/:3.5.14]
14:39:14 [backend] 	at org.apache.ibatis.session.defaults.DefaultSqlSession.selectList(DefaultSqlSession.java:147) ~[mybatis-3.5.14.jar!/:3.5.14]
14:39:14 [backend] 	at org.apache.ibatis.session.defaults.DefaultSqlSession.selectList(DefaultSqlSession.java:142) ~[mybatis-3.5.14.jar!/:3.5.14]
14:39:14 [backend] 	at org.apache.ibatis.session.defaults.DefaultSqlSession.selectOne(DefaultSqlSession.java:75) ~[mybatis-3.5.14.jar!/:3.5.14]
14:39:14 [backend] 	at java.base/jdk.internal.reflect.DirectMethodHandleAccessor.invoke(DirectMethodHandleAccessor.java:103) ~[na:na]
14:39:14 [backend] 	at java.base/java.lang.reflect.Method.invoke(Method.java:580) ~[na:na]
14:39:14 [backend] 	at org.mybatis.spring.SqlSessionTemplate$SqlSessionInterceptor.invoke(SqlSessionTemplate.java:425) ~[mybatis-spring-3.0.3.jar!/:3.0.3]
14:39:14 [backend] 	at jdk.proxy2/jdk.proxy2.$Proxy66.selectOne(Unknown Source) ~[na:na]
14:39:14 [backend] 	at org.mybatis.spring.SqlSessionTemplate.selectOne(SqlSessionTemplate.java:160) ~[mybatis-spring-3.0.3.jar!/:3.0.3]
14:39:14 [backend] 	at org.apache.ibatis.binding.MapperMethod.execute(MapperMethod.java:87) ~[mybatis-3.5.14.jar!/:3.5.14]
14:39:14 [backend] 	at org.apache.ibatis.binding.MapperProxy$PlainMethodInvoker.invoke(MapperProxy.java:141) ~[mybatis-3.5.14.jar!/:3.5.14]
14:39:14 [backend] 	at org.apache.ibatis.binding.MapperProxy.invoke(MapperProxy.java:86) ~[mybatis-3.5.14.jar!/:3.5.14]
14:39:14 [backend] 	at jdk.proxy2/jdk.proxy2.$Proxy70.findByStudentId(Unknown Source) ~[na:na]
14:39:14 [backend] 	at org.example.studyroom.controller.UserController.adminLogin(UserController.java:46) ~[!/:0.0.1-SNAPSHOT]
14:39:14 [backend] 	at java.base/jdk.internal.reflect.DirectMethodHandleAccessor.invoke(DirectMethodHandleAccessor.java:103) ~[na:na]
14:39:14 [backend] 	at java.base/java.lang.reflect.Method.invoke(Method.java:580) ~[na:na]
14:39:14 [backend] 	at org.springframework.aop.support.AopUtils.invokeJoinpointUsingReflection(AopUtils.java:352) ~[spring-aop-6.1.1.jar!/:6.1.1]
14:39:14 [backend] 	at org.springframework.aop.framework.CglibAopProxy$DynamicAdvisedInterceptor.intercept(CglibAopProxy.java:713) ~[spring-aop-6.1.1.jar!/:6.1.1]
14:39:14 [backend] 	at org.example.studyroom.controller.UserController$$SpringCGLIB$$0.adminLogin(<generated>) ~[!/:0.0.1-SNAPSHOT]
14:39:14 [backend] 	at java.base/jdk.internal.reflect.DirectMethodHandleAccessor.invoke(DirectMethodHandleAccessor.java:103) ~[na:na]
14:39:14 [backend] 	at java.base/java.lang.reflect.Method.invoke(Method.java:580) ~[na:na]
14:39:14 [backend] 	at org.springframework.web.method.support.InvocableHandlerMethod.doInvoke(InvocableHandlerMethod.java:254) ~[spring-web-6.1.1.jar!/:6.1.1]
14:39:14 [backend] 	at org.springframework.web.method.support.InvocableHandlerMethod.invokeForRequest(InvocableHandlerMethod.java:182) ~[spring-web-6.1.1.jar!/:6.1.1]
14:39:14 [backend] 	at org.springframework.web.servlet.mvc.method.annotation.ServletInvocableHandlerMethod.invokeAndHandle(ServletInvocableHandlerMethod.java:118) ~[spring-webmvc-6.1.1.jar!/:6.1.1]
14:39:14 [backend] 	at org.springframework.web.servlet.mvc.method.annotation.RequestMappingHandlerAdapter.invokeHandlerMethod(RequestMappingHandlerAdapter.java:917) ~[spring-webmvc-6.1.1.jar!/:6.1.1]
14:39:14 [backend] 	at org.springframework.web.servlet.mvc.method.annotation.RequestMappingHandlerAdapter.handleInternal(RequestMappingHandlerAdapter.java:829) ~[spring-webmvc-6.1.1.jar!/:6.1.1]
14:39:14 [backend] 	at org.springframework.web.servlet.mvc.method.AbstractHandlerMethodAdapter.handle(AbstractHandlerMethodAdapter.java:87) ~[spring-webmvc-6.1.1.jar!/:6.1.1]
14:39:14 [backend] 	at org.springframework.web.servlet.DispatcherServlet.doDispatch(DispatcherServlet.java:1089) ~[spring-webmvc-6.1.1.jar!/:6.1.1]
14:39:14 [backend] 	at org.springframework.web.servlet.DispatcherServlet.doService(DispatcherServlet.java:979) ~[spring-webmvc-6.1.1.jar!/:6.1.1]
14:39:14 [backend] 	at org.springframework.web.servlet.FrameworkServlet.processRequest(FrameworkServlet.java:1014) ~[spring-webmvc-6.1.1.jar!/:6.1.1]
14:39:14 [backend] 	at org.springframework.web.servlet.FrameworkServlet.doPost(FrameworkServlet.java:914) ~[spring-webmvc-6.1.1.jar!/:6.1.1]
14:39:14 [backend] 	at jakarta.servlet.http.HttpServlet.service(HttpServlet.java:590) ~[tomcat-embed-core-10.1.16.jar!/:na]
14:39:14 [backend] 	at org.springframework.web.servlet.FrameworkServlet.service(FrameworkServlet.java:885) ~[spring-webmvc-6.1.1.jar!/:6.1.1]
14:39:14 [backend] 	at jakarta.servlet.http.HttpServlet.service(HttpServlet.java:658) ~[tomcat-embed-core-10.1.16.jar!/:na]
14:39:14 [backend] 	at org.apache.catalina.core.ApplicationFilterChain.internalDoFilter(ApplicationFilterChain.java:205) ~[tomcat-embed-core-10.1.16.jar!/:na]
14:39:14 [backend] 	at org.apache.catalina.core.ApplicationFilterChain.doFilter(ApplicationFilterChain.java:149) ~[tomcat-embed-core-10.1.16.jar!/:na]
14:39:14 [backend] 	at org.apache.tomcat.websocket.server.WsFilter.doFilter(WsFilter.java:51) ~[tomcat-embed-websocket-10.1.16.jar!/:na]
14:39:14 [backend] 	at org.apache.catalina.core.ApplicationFilterChain.internalDoFilter(ApplicationFilterChain.java:174) ~[tomcat-embed-core-10.1.16.jar!/:na]
14:39:14 [backend] 	at org.apache.catalina.core.ApplicationFilterChain.doFilter(ApplicationFilterChain.java:149) ~[tomcat-embed-core-10.1.16.jar!/:na]
14:39:14 [backend] 	at org.springframework.web.filter.RequestContextFilter.doFilterInternal(RequestContextFilter.java:100) ~[spring-web-6.1.1.jar!/:6.1.1]
14:39:14 [backend] 	at org.springframework.web.filter.OncePerRequestFilter.doFilter(OncePerRequestFilter.java:116) ~[spring-web-6.1.1.jar!/:6.1.1]
14:39:14 [backend] 	at org.apache.catalina.core.ApplicationFilterChain.internalDoFilter(ApplicationFilterChain.java:174) ~[tomcat-embed-core-10.1.16.jar!/:na]
14:39:14 [backend] 	at org.apache.catalina.core.ApplicationFilterChain.doFilter(ApplicationFilterChain.java:149) ~[tomcat-embed-core-10.1.16.jar!/:na]
14:39:14 [backend] 	at org.springframework.web.filter.FormContentFilter.doFilterInternal(FormContentFilter.java:93) ~[spring-web-6.1.1.jar!/:6.1.1]
14:39:14 [backend] 	at org.springframework.web.filter.OncePerRequestFilter.doFilter(OncePerRequestFilter.java:116) ~[spring-web-6.1.1.jar!/:6.1.1]
14:39:14 [backend] 	at org.apache.catalina.core.ApplicationFilterChain.internalDoFilter(ApplicationFilterChain.java:174) ~[tomcat-embed-core-10.1.16.jar!/:na]
14:39:14 [backend] 	at org.apache.catalina.core.ApplicationFilterChain.doFilter(ApplicationFilterChain.java:149) ~[tomcat-embed-core-10.1.16.jar!/:na]
14:39:14 [backend] 	at org.springframework.web.filter.CharacterEncodingFilter.doFilterInternal(CharacterEncodingFilter.java:201) ~[spring-web-6.1.1.jar!/:6.1.1]
14:39:14 [backend] 	at org.springframework.web.filter.OncePerRequestFilter.doFilter(OncePerRequestFilter.java:116) ~[spring-web-6.1.1.jar!/:6.1.1]
14:39:14 [backend] 	at org.apache.catalina.core.ApplicationFilterChain.internalDoFilter(ApplicationFilterChain.java:174) ~[tomcat-embed-core-10.1.16.jar!/:na]
14:39:14 [backend] 	at org.apache.catalina.core.ApplicationFilterChain.doFilter(ApplicationFilterChain.java:149) ~[tomcat-embed-core-10.1.16.jar!/:na]
14:39:14 [backend] 	at org.apache.catalina.core.StandardWrapperValve.invoke(StandardWrapperValve.java:167) ~[tomcat-embed-core-10.1.16.jar!/:na]
14:39:14 [backend] 	at org.apache.catalina.core.StandardContextValve.invoke(StandardContextValve.java:90) ~[tomcat-embed-core-10.1.16.jar!/:na]
14:39:14 [backend] 	at org.apache.catalina.authenticator.AuthenticatorBase.invoke(AuthenticatorBase.java:482) ~[tomcat-embed-core-10.1.16.jar!/:na]
14:39:14 [backend] 	at org.apache.catalina.core.StandardHostValve.invoke(StandardHostValve.java:115) ~[tomcat-embed-core-10.1.16.jar!/:na]
14:39:14 [backend] 	at org.apache.catalina.valves.ErrorReportValve.invoke(ErrorReportValve.java:93) ~[tomcat-embed-core-10.1.16.jar!/:na]
14:39:14 [backend] 	at org.apache.catalina.core.StandardEngineValve.invoke(StandardEngineValve.java:74) ~[tomcat-embed-core-10.1.16.jar!/:na]
14:39:14 [backend] 	at org.apache.catalina.connector.CoyoteAdapter.service(CoyoteAdapter.java:340) ~[tomcat-embed-core-10.1.16.jar!/:na]
14:39:14 [backend] 	at org.apache.coyote.http11.Http11Processor.service(Http11Processor.java:391) ~[tomcat-embed-core-10.1.16.jar!/:na]
14:39:14 [backend] 	at org.apache.coyote.AbstractProcessorLight.process(AbstractProcessorLight.java:63) ~[tomcat-embed-core-10.1.16.jar!/:na]
14:39:14 [backend] 	at org.apache.coyote.AbstractProtocol$ConnectionHandler.process(AbstractProtocol.java:896) ~[tomcat-embed-core-10.1.16.jar!/:na]
14:39:14 [backend] 	at org.apache.tomcat.util.net.NioEndpoint$SocketProcessor.doRun(NioEndpoint.java:1744) ~[tomcat-embed-core-10.1.16.jar!/:na]
14:39:14 [backend] 	at org.apache.tomcat.util.net.SocketProcessorBase.run(SocketProcessorBase.java:52) ~[tomcat-embed-core-10.1.16.jar!/:na]
14:39:14 [backend] 	at org.apache.tomcat.util.threads.ThreadPoolExecutor.runWorker(ThreadPoolExecutor.java:1191) ~[tomcat-embed-core-10.1.16.jar!/:na]
14:39:14 [backend] 	at org.apache.tomcat.util.threads.ThreadPoolExecutor$Worker.run(ThreadPoolExecutor.java:659) ~[tomcat-embed-core-10.1.16.jar!/:na]
14:39:14 [backend] 	at org.apache.tomcat.util.threads.TaskThread$WrappingRunnable.run(TaskThread.java:61) ~[tomcat-embed-core-10.1.16.jar!/:na]
14:39:14 [backend] 	at java.base/java.lang.Thread.run(Thread.java:1575) ~[na:na]
14:39:14 [backend] 
14:39:16 [backend] 2026-06-12T14:39:16.399+08:00 ERROR 30416 --- [0.0-8082-exec-8] o.a.c.c.C.[.[.[/].[dispatcherServlet]    : Servlet.service() for servlet [dispatcherServlet] in context with path [] threw exception [Request processing failed: org.springframework.jdbc.BadSqlGrammarException: 
14:39:16 [backend] ### Error querying database.  Cause: org.h2.jdbc.JdbcSQLSyntaxErrorException: Table "user" not found (candidates are: "USER"); SQL statement:
14:39:16 [backend] SELECT user_id AS id, student_id AS studentId, username, password, role, email, status FROM "user" WHERE student_id=? [42103-224]
14:39:16 [backend] ### The error may exist in org/example/studyroom/mapper/UserMapper.java (best guess)
14:39:16 [backend] ### The error may involve org.example.studyroom.mapper.UserMapper.findByStudentId
14:39:16 [backend] ### The error occurred while executing a query
14:39:16 [backend] ### SQL: SELECT user_id AS id, student_id AS studentId, username, password, role, email, status FROM "user" WHERE student_id=?
14:39:16 [backend] ### Cause: org.h2.jdbc.JdbcSQLSyntaxErrorException: Table "user" not found (candidates are: "USER"); SQL statement:
14:39:16 [backend] SELECT user_id AS id, student_id AS studentId, username, password, role, email, status FROM "user" WHERE student_id=? [42103-224]
14:39:16 [backend] ; bad SQL grammar []] with root cause
14:39:16 [backend] 
14:39:16 [backend] org.h2.jdbc.JdbcSQLSyntaxErrorException: Table "user" not found (candidates are: "USER"); SQL statement:
14:39:16 [backend] SELECT user_id AS id, student_id AS studentId, username, password, role, email, status FROM "user" WHERE student_id=? [42103-224]
14:39:16 [backend] 	at org.h2.message.DbException.getJdbcSQLException(DbException.java:514) ~[h2-2.2.224.jar!/:na]
14:39:16 [backend] 	at org.h2.message.DbException.getJdbcSQLException(DbException.java:489) ~[h2-2.2.224.jar!/:na]
14:39:16 [backend] 	at org.h2.message.DbException.get(DbException.java:223) ~[h2-2.2.224.jar!/:na]
14:39:16 [backend] 	at org.h2.command.Parser.getTableOrViewNotFoundDbException(Parser.java:8067) ~[h2-2.2.224.jar!/:na]
14:39:16 [backend] 	at org.h2.command.Parser.getTableOrViewNotFoundDbException(Parser.java:8035) ~[h2-2.2.224.jar!/:na]
14:39:16 [backend] 	at org.h2.command.Parser.readTableOrView(Parser.java:8024) ~[h2-2.2.224.jar!/:na]
14:39:16 [backend] 	at org.h2.command.Parser.readTablePrimary(Parser.java:1788) ~[h2-2.2.224.jar!/:na]
14:39:16 [backend] 	at org.h2.command.Parser.readTableReference(Parser.java:2268) ~[h2-2.2.224.jar!/:na]
14:39:16 [backend] 	at org.h2.command.Parser.parseSelectFromPart(Parser.java:2718) ~[h2-2.2.224.jar!/:na]
14:39:16 [backend] 	at org.h2.command.Parser.parseSelect(Parser.java:2824) ~[h2-2.2.224.jar!/:na]
14:39:16 [backend] 	at org.h2.command.Parser.parseQueryPrimary(Parser.java:2708) ~[h2-2.2.224.jar!/:na]
14:39:16 [backend] 	at org.h2.command.Parser.parseQueryTerm(Parser.java:2564) ~[h2-2.2.224.jar!/:na]
14:39:16 [backend] 	at org.h2.command.Parser.parseQueryExpressionBody(Parser.java:2543) ~[h2-2.2.224.jar!/:na]
14:39:16 [backend] 	at org.h2.command.Parser.parseQueryExpressionBodyAndEndOfQuery(Parser.java:2536) ~[h2-2.2.224.jar!/:na]
14:39:16 [backend] 	at org.h2.command.Parser.parseQueryExpression(Parser.java:2529) ~[h2-2.2.224.jar!/:na]
14:39:16 [backend] 	at org.h2.command.Parser.parseQuery(Parser.java:2498) ~[h2-2.2.224.jar!/:na]
14:39:16 [backend] 	at org.h2.command.Parser.parsePrepared(Parser.java:627) ~[h2-2.2.224.jar!/:na]
14:39:16 [backend] 	at org.h2.command.Parser.parse(Parser.java:592) ~[h2-2.2.224.jar!/:na]
14:39:16 [backend] 	at org.h2.command.Parser.parse(Parser.java:564) ~[h2-2.2.224.jar!/:na]
14:39:16 [backend] 	at org.h2.command.Parser.prepareCommand(Parser.java:483) ~[h2-2.2.224.jar!/:na]
14:39:16 [backend] 	at org.h2.engine.SessionLocal.prepareLocal(SessionLocal.java:639) ~[h2-2.2.224.jar!/:na]
14:39:16 [backend] 	at org.h2.engine.SessionLocal.prepareCommand(SessionLocal.java:559) ~[h2-2.2.224.jar!/:na]
14:39:16 [backend] 	at org.h2.jdbc.JdbcConnection.prepareCommand(JdbcConnection.java:1166) ~[h2-2.2.224.jar!/:na]
14:39:16 [backend] 	at org.h2.jdbc.JdbcPreparedStatement.<init>(JdbcPreparedStatement.java:93) ~[h2-2.2.224.jar!/:na]
14:39:16 [backend] 	at org.h2.jdbc.JdbcConnection.prepareStatement(JdbcConnection.java:316) ~[h2-2.2.224.jar!/:na]
14:39:16 [backend] 	at com.zaxxer.hikari.pool.ProxyConnection.prepareStatement(ProxyConnection.java:327) ~[HikariCP-5.0.1.jar!/:na]
14:39:16 [backend] 	at com.zaxxer.hikari.pool.HikariProxyConnection.prepareStatement(HikariProxyConnection.java) ~[HikariCP-5.0.1.jar!/:na]
14:39:16 [backend] 	at org.apache.ibatis.executor.statement.PreparedStatementHandler.instantiateStatement(PreparedStatementHandler.java:88) ~[mybatis-3.5.14.jar!/:3.5.14]
14:39:16 [backend] 	at org.apache.ibatis.executor.statement.BaseStatementHandler.prepare(BaseStatementHandler.java:90) ~[mybatis-3.5.14.jar!/:3.5.14]
14:39:16 [backend] 	at org.apache.ibatis.executor.statement.RoutingStatementHandler.prepare(RoutingStatementHandler.java:60) ~[mybatis-3.5.14.jar!/:3.5.14]
14:39:16 [backend] 	at org.apache.ibatis.executor.SimpleExecutor.prepareStatement(SimpleExecutor.java:90) ~[mybatis-3.5.14.jar!/:3.5.14]
14:39:16 [backend] 	at org.apache.ibatis.executor.SimpleExecutor.doQuery(SimpleExecutor.java:64) ~[mybatis-3.5.14.jar!/:3.5.14]
14:39:16 [backend] 	at org.apache.ibatis.executor.BaseExecutor.queryFromDatabase(BaseExecutor.java:336) ~[mybatis-3.5.14.jar!/:3.5.14]
14:39:16 [backend] 	at org.apache.ibatis.executor.BaseExecutor.query(BaseExecutor.java:158) ~[mybatis-3.5.14.jar!/:3.5.14]
14:39:16 [backend] 	at org.apache.ibatis.executor.CachingExecutor.query(CachingExecutor.java:110) ~[mybatis-3.5.14.jar!/:3.5.14]
14:39:16 [backend] 	at org.apache.ibatis.executor.CachingExecutor.query(CachingExecutor.java:90) ~[mybatis-3.5.14.jar!/:3.5.14]
14:39:16 [backend] 	at org.apache.ibatis.session.defaults.DefaultSqlSession.selectList(DefaultSqlSession.java:154) ~[mybatis-3.5.14.jar!/:3.5.14]
14:39:16 [backend] 	at org.apache.ibatis.session.defaults.DefaultSqlSession.selectList(DefaultSqlSession.java:147) ~[mybatis-3.5.14.jar!/:3.5.14]
14:39:16 [backend] 	at org.apache.ibatis.session.defaults.DefaultSqlSession.selectList(DefaultSqlSession.java:142) ~[mybatis-3.5.14.jar!/:3.5.14]
14:39:16 [backend] 	at org.apache.ibatis.session.defaults.DefaultSqlSession.selectOne(DefaultSqlSession.java:75) ~[mybatis-3.5.14.jar!/:3.5.14]
14:39:16 [backend] 	at java.base/jdk.internal.reflect.DirectMethodHandleAccessor.invoke(DirectMethodHandleAccessor.java:103) ~[na:na]
14:39:16 [backend] 	at java.base/java.lang.reflect.Method.invoke(Method.java:580) ~[na:na]
14:39:16 [backend] 	at org.mybatis.spring.SqlSessionTemplate$SqlSessionInterceptor.invoke(SqlSessionTemplate.java:425) ~[mybatis-spring-3.0.3.jar!/:3.0.3]
14:39:16 [backend] 	at jdk.proxy2/jdk.proxy2.$Proxy66.selectOne(Unknown Source) ~[na:na]
14:39:16 [backend] 	at org.mybatis.spring.SqlSessionTemplate.selectOne(SqlSessionTemplate.java:160) ~[mybatis-spring-3.0.3.jar!/:3.0.3]
14:39:16 [backend] 	at org.apache.ibatis.binding.MapperMethod.execute(MapperMethod.java:87) ~[mybatis-3.5.14.jar!/:3.5.14]
14:39:16 [backend] 	at org.apache.ibatis.binding.MapperProxy$PlainMethodInvoker.invoke(MapperProxy.java:141) ~[mybatis-3.5.14.jar!/:3.5.14]
14:39:16 [backend] 	at org.apache.ibatis.binding.MapperProxy.invoke(MapperProxy.java:86) ~[mybatis-3.5.14.jar!/:3.5.14]
14:39:16 [backend] 	at jdk.proxy2/jdk.proxy2.$Proxy70.findByStudentId(Unknown Source) ~[na:na]
14:39:16 [backend] 	at org.example.studyroom.controller.UserController.adminLogin(UserController.java:46) ~[!/:0.0.1-SNAPSHOT]
14:39:16 [backend] 	at java.base/jdk.internal.reflect.DirectMethodHandleAccessor.invoke(DirectMethodHandleAccessor.java:103) ~[na:na]
14:39:16 [backend] 	at java.base/java.lang.reflect.Method.invoke(Method.java:580) ~[na:na]
14:39:16 [backend] 	at org.springframework.aop.support.AopUtils.invokeJoinpointUsingReflection(AopUtils.java:352) ~[spring-aop-6.1.1.jar!/:6.1.1]
14:39:16 [backend] 	at org.springframework.aop.framework.CglibAopProxy$DynamicAdvisedInterceptor.intercept(CglibAopProxy.java:713) ~[spring-aop-6.1.1.jar!/:6.1.1]
14:39:16 [backend] 	at org.example.studyroom.controller.UserController$$SpringCGLIB$$0.adminLogin(<generated>) ~[!/:0.0.1-SNAPSHOT]
14:39:16 [backend] 	at java.base/jdk.internal.reflect.DirectMethodHandleAccessor.invoke(DirectMethodHandleAccessor.java:103) ~[na:na]
14:39:16 [backend] 	at java.base/java.lang.reflect.Method.invoke(Method.java:580) ~[na:na]
14:39:16 [backend] 	at org.springframework.web.method.support.InvocableHandlerMethod.doInvoke(InvocableHandlerMethod.java:254) ~[spring-web-6.1.1.jar!/:6.1.1]
14:39:16 [backend] 	at org.springframework.web.method.support.InvocableHandlerMethod.invokeForRequest(InvocableHandlerMethod.java:182) ~[spring-web-6.1.1.jar!/:6.1.1]
14:39:16 [backend] 	at org.springframework.web.servlet.mvc.method.annotation.ServletInvocableHandlerMethod.invokeAndHandle(ServletInvocableHandlerMethod.java:118) ~[spring-webmvc-6.1.1.jar!/:6.1.1]
14:39:16 [backend] 	at org.springframework.web.servlet.mvc.method.annotation.RequestMappingHandlerAdapter.invokeHandlerMethod(RequestMappingHandlerAdapter.java:917) ~[spring-webmvc-6.1.1.jar!/:6.1.1]
14:39:16 [backend] 	at org.springframework.web.servlet.mvc.method.annotation.RequestMappingHandlerAdapter.handleInternal(RequestMappingHandlerAdapter.java:829) ~[spring-webmvc-6.1.1.jar!/:6.1.1]
14:39:16 [backend] 	at org.springframework.web.servlet.mvc.method.AbstractHandlerMethodAdapter.handle(AbstractHandlerMethodAdapter.java:87) ~[spring-webmvc-6.1.1.jar!/:6.1.1]
14:39:16 [backend] 	at org.springframework.web.servlet.DispatcherServlet.doDispatch(DispatcherServlet.java:1089) ~[spring-webmvc-6.1.1.jar!/:6.1.1]
14:39:16 [backend] 	at org.springframework.web.servlet.DispatcherServlet.doService(DispatcherServlet.java:979) ~[spring-webmvc-6.1.1.jar!/:6.1.1]
14:39:16 [backend] 	at org.springframework.web.servlet.FrameworkServlet.processRequest(FrameworkServlet.java:1014) ~[spring-webmvc-6.1.1.jar!/:6.1.1]
14:39:16 [backend] 	at org.springframework.web.servlet.FrameworkServlet.doPost(FrameworkServlet.java:914) ~[spring-webmvc-6.1.1.jar!/:6.1.1]
14:39:16 [backend] 	at jakarta.servlet.http.HttpServlet.service(HttpServlet.java:590) ~[tomcat-embed-core-10.1.16.jar!/:na]
14:39:16 [backend] 	at org.springframework.web.servlet.FrameworkServlet.service(FrameworkServlet.java:885) ~[spring-webmvc-6.1.1.jar!/:6.1.1]
14:39:16 [backend] 	at jakarta.servlet.http.HttpServlet.service(HttpServlet.java:658) ~[tomcat-embed-core-10.1.16.jar!/:na]
14:39:16 [backend] 	at org.apache.catalina.core.ApplicationFilterChain.internalDoFilter(ApplicationFilterChain.java:205) ~[tomcat-embed-core-10.1.16.jar!/:na]
14:39:16 [backend] 	at org.apache.catalina.core.ApplicationFilterChain.doFilter(ApplicationFilterChain.java:149) ~[tomcat-embed-core-10.1.16.jar!/:na]
14:39:16 [backend] 	at org.apache.tomcat.websocket.server.WsFilter.doFilter(WsFilter.java:51) ~[tomcat-embed-websocket-10.1.16.jar!/:na]
14:39:16 [backend] 	at org.apache.catalina.core.ApplicationFilterChain.internalDoFilter(ApplicationFilterChain.java:174) ~[tomcat-embed-core-10.1.16.jar!/:na]
14:39:16 [backend] 	at org.apache.catalina.core.ApplicationFilterChain.doFilter(ApplicationFilterChain.java:149) ~[tomcat-embed-core-10.1.16.jar!/:na]
14:39:16 [backend] 	at org.springframework.web.filter.RequestContextFilter.doFilterInternal(RequestContextFilter.java:100) ~[spring-web-6.1.1.jar!/:6.1.1]
14:39:16 [backend] 	at org.springframework.web.filter.OncePerRequestFilter.doFilter(OncePerRequestFilter.java:116) ~[spring-web-6.1.1.jar!/:6.1.1]
14:39:16 [backend] 	at org.apache.catalina.core.ApplicationFilterChain.internalDoFilter(ApplicationFilterChain.java:174) ~[tomcat-embed-core-10.1.16.jar!/:na]
14:39:16 [backend] 	at org.apache.catalina.core.ApplicationFilterChain.doFilter(ApplicationFilterChain.java:149) ~[tomcat-embed-core-10.1.16.jar!/:na]
14:39:16 [backend] 	at org.springframework.web.filter.FormContentFilter.doFilterInternal(FormContentFilter.java:93) ~[spring-web-6.1.1.jar!/:6.1.1]
14:39:16 [backend] 	at org.springframework.web.filter.OncePerRequestFilter.doFilter(OncePerRequestFilter.java:116) ~[spring-web-6.1.1.jar!/:6.1.1]
14:39:16 [backend] 	at org.apache.catalina.core.ApplicationFilterChain.internalDoFilter(ApplicationFilterChain.java:174) ~[tomcat-embed-core-10.1.16.jar!/:na]
14:39:16 [backend] 	at org.apache.catalina.core.ApplicationFilterChain.doFilter(ApplicationFilterChain.java:149) ~[tomcat-embed-core-10.1.16.jar!/:na]
14:39:16 [backend] 	at org.springframework.web.filter.CharacterEncodingFilter.doFilterInternal(CharacterEncodingFilter.java:201) ~[spring-web-6.1.1.jar!/:6.1.1]
14:39:16 [backend] 	at org.springframework.web.filter.OncePerRequestFilter.doFilter(OncePerRequestFilter.java:116) ~[spring-web-6.1.1.jar!/:6.1.1]
14:39:16 [backend] 	at org.apache.catalina.core.ApplicationFilterChain.internalDoFilter(ApplicationFilterChain.java:174) ~[tomcat-embed-core-10.1.16.jar!/:na]
14:39:16 [backend] 	at org.apache.catalina.core.ApplicationFilterChain.doFilter(ApplicationFilterChain.java:149) ~[tomcat-embed-core-10.1.16.jar!/:na]
14:39:16 [backend] 	at org.apache.catalina.core.StandardWrapperValve.invoke(StandardWrapperValve.java:167) ~[tomcat-embed-core-10.1.16.jar!/:na]
14:39:16 [backend] 	at org.apache.catalina.core.StandardContextValve.invoke(StandardContextValve.java:90) ~[tomcat-embed-core-10.1.16.jar!/:na]
14:39:16 [backend] 	at org.apache.catalina.authenticator.AuthenticatorBase.invoke(AuthenticatorBase.java:482) ~[tomcat-embed-core-10.1.16.jar!/:na]
14:39:16 [backend] 	at org.apache.catalina.core.StandardHostValve.invoke(StandardHostValve.java:115) ~[tomcat-embed-core-10.1.16.jar!/:na]
14:39:16 [backend] 	at org.apache.catalina.valves.ErrorReportValve.invoke(ErrorReportValve.java:93) ~[tomcat-embed-core-10.1.16.jar!/:na]
14:39:16 [backend] 	at org.apache.catalina.core.StandardEngineValve.invoke(StandardEngineValve.java:74) ~[tomcat-embed-core-10.1.16.jar!/:na]
14:39:16 [backend] 	at org.apache.catalina.connector.CoyoteAdapter.service(CoyoteAdapter.java:340) ~[tomcat-embed-core-10.1.16.jar!/:na]
14:39:16 [backend] 	at org.apache.coyote.http11.Http11Processor.service(Http11Processor.java:391) ~[tomcat-embed-core-10.1.16.jar!/:na]
14:39:16 [backend] 	at org.apache.coyote.AbstractProcessorLight.process(AbstractProcessorLight.java:63) ~[tomcat-embed-core-10.1.16.jar!/:na]
14:39:16 [backend] 	at org.apache.coyote.AbstractProtocol$ConnectionHandler.process(AbstractProtocol.java:896) ~[tomcat-embed-core-10.1.16.jar!/:na]
14:39:16 [backend] 	at org.apache.tomcat.util.net.NioEndpoint$SocketProcessor.doRun(NioEndpoint.java:1744) ~[tomcat-embed-core-10.1.16.jar!/:na]
14:39:16 [backend] 	at org.apache.tomcat.util.net.SocketProcessorBase.run(SocketProcessorBase.java:52) ~[tomcat-embed-core-10.1.16.jar!/:na]
14:39:16 [backend] 	at org.apache.tomcat.util.threads.ThreadPoolExecutor.runWorker(ThreadPoolExecutor.java:1191) ~[tomcat-embed-core-10.1.16.jar!/:na]
14:39:16 [backend] 	at org.apache.tomcat.util.threads.ThreadPoolExecutor$Worker.run(ThreadPoolExecutor.java:659) ~[tomcat-embed-core-10.1.16.jar!/:na]
14:39:16 [backend] 	at org.apache.tomcat.util.threads.TaskThread$WrappingRunnable.run(TaskThread.java:61) ~[tomcat-embed-core-10.1.16.jar!/:na]
14:39:16 [backend] 	at java.base/java.lang.Thread.run(Thread.java:1575) ~[na:na]
14:39:16 [backend] 
14:39:21 [backend] 2026-06-12T14:39:21.417+08:00  INFO 30416 --- [       Thread-2] com.zaxxer.hikari.HikariDataSource       : HikariPool-1 - Shutdown initiated...
14:39:21 [backend] 2026-06-12T14:39:21.419+08:00  INFO 30416 --- [       Thread-2] com.zaxxer.hikari.HikariDataSource       : HikariPool-1 - Shutdown completed.
14:46:18 === 自习室预约系统启动器 ===
14:46:18 程序目录: C:\Users\flxd\Desktop\工作文件\软件工程\studyroom_submit
14:46:18 Java版本: java version "23.0.2" 2025-01-21
14:46:18 后端JAR: C:\Users\flxd\Desktop\工作文件\软件工程\studyroom_submit\backend\studyroom.jar
14:46:18 客户端目录: C:\Users\flxd\Desktop\工作文件\软件工程\studyroom_submit\electron_client
14:46:18 [1/3] 启动后端服务...
14:46:18 后端PID: 30320
14:46:18 [2/3] 等待后端就绪 (最长90秒)...
14:46:18 后端响应: OK
14:46:18 后端就绪: http://localhost:8082
14:46:18 [3/3] 启动桌面客户端...
14:46:18 尝试启动: npx electron .
14:46:19 [electron] 
14:46:19 [backend] 
14:46:19 [backend]   .   ____          _            __ _ _
14:46:19 [backend]  /\\ / ___'_ __ _ _(_)_ __  __ _ \ \ \ \
14:46:19 [backend] ( ( )\___ | '_ | '_| | '_ \/ _` | \ \ \ \
14:46:19 [backend]  \\/  ___)| |_)| | | | | || (_| |  ) ) ) )
14:46:19 [backend]   '  |____| .__|_| |_|_| |_\__, | / / / /
14:46:19 [backend]  =========|_|==============|___/=/_/_/_/
14:46:19 [backend]  :: Spring Boot ::                (v3.2.0)
14:46:19 [backend] 
14:46:19 [backend] 2026-06-12T14:46:19.513+08:00  INFO 2680 --- [           main] o.e.studyroom.StudyRoomApplication       : Starting StudyRoomApplication v0.0.1-SNAPSHOT using Java 23.0.2 with PID 2680 (C:\Users\flxd\Desktop\宸ヤ綔鏂囦欢\杞欢宸ョ▼\studyroom_submit\backend\studyroom.jar started by flxd in C:\Users\flxd\Desktop\宸ヤ綔鏂囦欢\杞欢宸ョ▼\studyroom_submit\backend)
14:46:19 [backend] 2026-06-12T14:46:19.515+08:00  INFO 2680 --- [           main] o.e.studyroom.StudyRoomApplication       : The following 1 profile is active: "demo"
14:46:19 [electron-err] [16672:0612/144619.649:ERROR:cache_util_win.cc(20)] Unable to move the cache: 鎷掔粷璁块棶銆?(0x5)
14:46:19 [electron-err] [16672:0612/144619.649:ERROR:cache_util_win.cc(20)] Unable to move the cache: 鎷掔粷璁块棶銆?(0x5)
14:46:19 [electron-err] [16672:0612/144619.649:ERROR:cache_util_win.cc(20)] Unable to move the cache: 鎷掔粷璁块棶銆?(0x5)
14:46:19 [electron-err] [16672:0612/144619.649:ERROR:disk_cache.cc(208)] Unable to create cache
14:46:19 [electron-err] [16672:0612/144619.649:ERROR:gpu_disk_cache.cc(713)] Gpu Cache Creation failed: -2
14:46:19 [electron-err] [16672:0612/144619.649:ERROR:disk_cache.cc(208)] Unable to create cache
14:46:19 [electron-err] [16672:0612/144619.649:ERROR:gpu_disk_cache.cc(713)] Gpu Cache Creation failed: -2
14:46:19 [electron-err] [16672:0612/144619.649:ERROR:disk_cache.cc(208)] Unable to create cache
14:46:19 [electron-err] [16672:0612/144619.649:ERROR:gpu_disk_cache.cc(713)] Gpu Cache Creation failed: -2
14:46:20 [backend] 2026-06-12T14:46:20.437+08:00  INFO 2680 --- [           main] o.s.b.w.embedded.tomcat.TomcatWebServer  : Tomcat initialized with port 8082 (http)
14:46:20 [backend] 2026-06-12T14:46:20.445+08:00  INFO 2680 --- [           main] o.apache.catalina.core.StandardService   : Starting service [Tomcat]
14:46:20 [backend] 2026-06-12T14:46:20.445+08:00  INFO 2680 --- [           main] o.apache.catalina.core.StandardEngine    : Starting Servlet engine: [Apache Tomcat/10.1.16]
14:46:20 [backend] 2026-06-12T14:46:20.477+08:00  INFO 2680 --- [           main] o.a.c.c.C.[Tomcat].[localhost].[/]       : Initializing Spring embedded WebApplicationContext
14:46:20 [backend] 2026-06-12T14:46:20.478+08:00  INFO 2680 --- [           main] w.s.c.ServletWebServerApplicationContext : Root WebApplicationContext: initialization completed in 896 ms
14:46:20 [backend] 2026-06-12T14:46:20.498+08:00  INFO 2680 --- [           main] com.zaxxer.hikari.HikariDataSource       : HikariPool-1 - Starting...
14:46:21 [backend] 2026-06-12T14:46:21.603+08:00 ERROR 2680 --- [           main] com.zaxxer.hikari.pool.HikariPool        : HikariPool-1 - Exception during pool initialization.
14:46:21 [backend] 
14:46:21 [backend] org.h2.jdbc.JdbcSQLNonTransientConnectionException: Database may be already in use: "C:/Users/flxd/Desktop/宸ヤ綔鏂囦欢/杞欢宸ョ▼/studyroom_submit/backend/data/studyroom.mv.db". Possible solutions: close all other connection(s); use the server mode [90020-224]
14:46:21 [backend] 	at org.h2.message.DbException.getJdbcSQLException(DbException.java:690) ~[h2-2.2.224.jar!/:na]
14:46:21 [backend] 	at org.h2.message.DbException.getJdbcSQLException(DbException.java:489) ~[h2-2.2.224.jar!/:na]
14:46:21 [backend] 	at org.h2.message.DbException.get(DbException.java:212) ~[h2-2.2.224.jar!/:na]
14:46:21 [backend] 	at org.h2.mvstore.db.Store.convertMVStoreException(Store.java:165) ~[h2-2.2.224.jar!/:na]
14:46:21 [backend] 	at org.h2.mvstore.db.Store.<init>(Store.java:142) ~[h2-2.2.224.jar!/:na]
14:46:21 [backend] 	at org.h2.engine.Database.<init>(Database.java:326) ~[h2-2.2.224.jar!/:na]
14:46:21 [backend] 	at org.h2.engine.Engine.openSession(Engine.java:92) ~[h2-2.2.224.jar!/:na]
14:46:21 [backend] 	at org.h2.engine.Engine.openSession(Engine.java:222) ~[h2-2.2.224.jar!/:na]
14:46:21 [backend] 	at org.h2.engine.Engine.createSession(Engine.java:201) ~[h2-2.2.224.jar!/:na]
14:46:21 [backend] 	at org.h2.engine.SessionRemote.connectEmbeddedOrServer(SessionRemote.java:343) ~[h2-2.2.224.jar!/:na]
14:46:21 [backend] 	at org.h2.jdbc.JdbcConnection.<init>(JdbcConnection.java:125) ~[h2-2.2.224.jar!/:na]
14:46:21 [backend] 	at org.h2.Driver.connect(Driver.java:59) ~[h2-2.2.224.jar!/:na]
14:46:21 [backend] 	at com.zaxxer.hikari.util.DriverDataSource.getConnection(DriverDataSource.java:138) ~[HikariCP-5.0.1.jar!/:na]
14:46:21 [backend] 	at com.zaxxer.hikari.pool.PoolBase.newConnection(PoolBase.java:359) ~[HikariCP-5.0.1.jar!/:na]
14:46:21 [backend] 	at com.zaxxer.hikari.pool.PoolBase.newPoolEntry(PoolBase.java:201) ~[HikariCP-5.0.1.jar!/:na]
14:46:21 [backend] 	at com.zaxxer.hikari.pool.HikariPool.createPoolEntry(HikariPool.java:470) ~[HikariCP-5.0.1.jar!/:na]
14:46:21 [backend] 	at com.zaxxer.hikari.pool.HikariPool.checkFailFast(HikariPool.java:561) ~[HikariCP-5.0.1.jar!/:na]
14:46:21 [backend] 	at com.zaxxer.hikari.pool.HikariPool.<init>(HikariPool.java:100) ~[HikariCP-5.0.1.jar!/:na]
14:46:21 [backend] 	at com.zaxxer.hikari.HikariDataSource.getConnection(HikariDataSource.java:112) ~[HikariCP-5.0.1.jar!/:na]
14:46:21 [backend] 	at org.springframework.boot.autoconfigure.h2.H2ConsoleAutoConfiguration.getConnectionUrl(H2ConsoleAutoConfiguration.java:94) ~[spring-boot-autoconfigure-3.2.0.jar!/:3.2.0]
14:46:21 [backend] 	at java.base/java.util.stream.ReferencePipeline$3$1.accept(ReferencePipeline.java:215) ~[na:na]
14:46:21 [backend] 	at java.base/java.util.ArrayList.forEach(ArrayList.java:1597) ~[na:na]
14:46:21 [backend] 	at java.base/java.util.stream.SortedOps$RefSortingSink.end(SortedOps.java:395) ~[na:na]
14:46:21 [backend] 	at java.base/java.util.stream.Sink$ChainedReference.end(Sink.java:261) ~[na:na]
14:46:21 [backend] 	at java.base/java.util.stream.Sink$ChainedReference.end(Sink.java:261) ~[na:na]
14:46:21 [backend] 	at java.base/java.util.stream.AbstractPipeline.copyInto(AbstractPipeline.java:571) ~[na:na]
14:46:21 [backend] 	at java.base/java.util.stream.AbstractPipeline.wrapAndCopyInto(AbstractPipeline.java:560) ~[na:na]
14:46:21 [backend] 	at java.base/java.util.stream.AbstractPipeline.evaluate(AbstractPipeline.java:636) ~[na:na]
14:46:21 [backend] 	at java.base/java.util.stream.AbstractPipeline.evaluateToArrayNode(AbstractPipeline.java:291) ~[na:na]
14:46:21 [backend] 	at java.base/java.util.stream.ReferencePipeline.toArray(ReferencePipeline.java:656) ~[na:na]
14:46:21 [backend] 	at java.base/java.util.stream.ReferencePipeline.toArray(ReferencePipeline.java:662) ~[na:na]
14:46:21 [backend] 	at java.base/java.util.stream.ReferencePipeline.toList(ReferencePipeline.java:667) ~[na:na]
14:46:21 [backend] 	at org.springframework.boot.autoconfigure.h2.H2ConsoleAutoConfiguration.logDataSources(H2ConsoleAutoConfiguration.java:86) ~[spring-boot-autoconfigure-3.2.0.jar!/:3.2.0]
14:46:21 [backend] 	at org.springframework.boot.autoconfigure.h2.H2ConsoleAutoConfiguration.lambda$h2Console$0(H2ConsoleAutoConfiguration.java:69) ~[spring-boot-autoconfigure-3.2.0.jar!/:3.2.0]
14:46:21 [backend] 	at org.springframework.boot.autoconfigure.h2.H2ConsoleAutoConfiguration.withThreadContextClassLoader(H2ConsoleAutoConfiguration.java:78) ~[spring-boot-autoconfigure-3.2.0.jar!/:3.2.0]
14:46:21 [backend] 	at org.springframework.boot.autoconfigure.h2.H2ConsoleAutoConfiguration.h2Console(H2ConsoleAutoConfiguration.java:69) ~[spring-boot-autoconfigure-3.2.0.jar!/:3.2.0]
14:46:21 [backend] 	at java.base/jdk.internal.reflect.DirectMethodHandleAccessor.invoke(DirectMethodHandleAccessor.java:103) ~[na:na]
14:46:21 [backend] 	at java.base/java.lang.reflect.Method.invoke(Method.java:580) ~[na:na]
14:46:21 [backend] 	at org.springframework.beans.factory.support.SimpleInstantiationStrategy.instantiate(SimpleInstantiationStrategy.java:140) ~[spring-beans-6.1.1.jar!/:6.1.1]
14:46:21 [backend] 	at org.springframework.beans.factory.support.ConstructorResolver.instantiate(ConstructorResolver.java:651) ~[spring-beans-6.1.1.jar!/:6.1.1]
14:46:21 [backend] 	at org.springframework.beans.factory.support.ConstructorResolver.instantiateUsingFactoryMethod(ConstructorResolver.java:643) ~[spring-beans-6.1.1.jar!/:6.1.1]
14:46:21 [backend] 	at org.springframework.beans.factory.support.AbstractAutowireCapableBeanFactory.instantiateUsingFactoryMethod(AbstractAutowireCapableBeanFactory.java:1336) ~[spring-beans-6.1.1.jar!/:6.1.1]
14:46:21 [backend] 	at org.springframework.beans.factory.support.AbstractAutowireCapableBeanFactory.createBeanInstance(AbstractAutowireCapableBeanFactory.java:1166) ~[spring-beans-6.1.1.jar!/:6.1.1]
14:46:21 [backend] 	at org.springframework.beans.factory.support.AbstractAutowireCapableBeanFactory.doCreateBean(AbstractAutowireCapableBeanFactory.java:563) ~[spring-beans-6.1.1.jar!/:6.1.1]
14:46:21 [backend] 	at org.springframework.beans.factory.support.AbstractAutowireCapableBeanFactory.createBean(AbstractAutowireCapableBeanFactory.java:523) ~[spring-beans-6.1.1.jar!/:6.1.1]
14:46:21 [backend] 	at org.springframework.beans.factory.support.AbstractBeanFactory.lambda$doGetBean$0(AbstractBeanFactory.java:325) ~[spring-beans-6.1.1.jar!/:6.1.1]
14:46:21 [backend] 	at org.springframework.beans.factory.support.DefaultSingletonBeanRegistry.getSingleton(DefaultSingletonBeanRegistry.java:234) ~[spring-beans-6.1.1.jar!/:6.1.1]
14:46:21 [backend] 	at org.springframework.beans.factory.support.AbstractBeanFactory.doGetBean(AbstractBeanFactory.java:323) ~[spring-beans-6.1.1.jar!/:6.1.1]
14:46:21 [backend] 	at org.springframework.beans.factory.support.AbstractBeanFactory.getBean(AbstractBeanFactory.java:204) ~[spring-beans-6.1.1.jar!/:6.1.1]
14:46:21 [backend] 	at org.springframework.boot.web.servlet.ServletContextInitializerBeans.getOrderedBeansOfType(ServletContextInitializerBeans.java:210) ~[spring-boot-3.2.0.jar!/:3.2.0]
14:46:21 [backend] 	at org.springframework.boot.web.servlet.ServletContextInitializerBeans.getOrderedBeansOfType(ServletContextInitializerBeans.java:201) ~[spring-boot-3.2.0.jar!/:3.2.0]
14:46:21 [backend] 	at org.springframework.boot.web.servlet.ServletContextInitializerBeans.addServletContextInitializerBeans(ServletContextInitializerBeans.java:96) ~[spring-boot-3.2.0.jar!/:3.2.0]
14:46:21 [backend] 	at org.springframework.boot.web.servlet.ServletContextInitializerBeans.<init>(ServletContextInitializerBeans.java:85) ~[spring-boot-3.2.0.jar!/:3.2.0]
14:46:21 [backend] 	at org.springframework.boot.web.servlet.context.ServletWebServerApplicationContext.getServletContextInitializerBeans(ServletWebServerApplicationContext.java:266) ~[spring-boot-3.2.0.jar!/:3.2.0]
14:46:21 [backend] 	at org.springframework.boot.web.servlet.context.ServletWebServerApplicationContext.selfInitialize(ServletWebServerApplicationContext.java:240) ~[spring-boot-3.2.0.jar!/:3.2.0]
14:46:21 [backend] 	at org.springframework.boot.web.embedded.tomcat.TomcatStarter.onStartup(TomcatStarter.java:52) ~[spring-boot-3.2.0.jar!/:3.2.0]
14:46:21 [backend] 	at org.apache.catalina.core.StandardContext.startInternal(StandardContext.java:4850) ~[tomcat-embed-core-10.1.16.jar!/:na]
14:46:21 [backend] 	at org.apache.catalina.util.LifecycleBase.start(LifecycleBase.java:171) ~[tomcat-embed-core-10.1.16.jar!/:na]
14:46:21 [backend] 	at org.apache.catalina.core.ContainerBase$StartChild.call(ContainerBase.java:1332) ~[tomcat-embed-core-10.1.16.jar!/:na]
14:46:21 [backend] 	at org.apache.catalina.core.ContainerBase$StartChild.call(ContainerBase.java:1322) ~[tomcat-embed-core-10.1.16.jar!/:na]
14:46:21 [backend] 	at java.base/java.util.concurrent.FutureTask.run(FutureTask.java:317) ~[na:na]
14:46:21 [backend] 	at org.apache.tomcat.util.threads.InlineExecutorService.execute(InlineExecutorService.java:75) ~[tomcat-embed-core-10.1.16.jar!/:na]
14:46:21 [backend] 	at java.base/java.util.concurrent.AbstractExecutorService.submit(AbstractExecutorService.java:148) ~[na:na]
14:46:21 [backend] 	at org.apache.catalina.core.ContainerBase.startInternal(ContainerBase.java:866) ~[tomcat-embed-core-10.1.16.jar!/:na]
14:46:21 [backend] 	at org.apache.catalina.core.StandardHost.startInternal(StandardHost.java:845) ~[tomcat-embed-core-10.1.16.jar!/:na]
14:46:21 [backend] 	at org.apache.catalina.util.LifecycleBase.start(LifecycleBase.java:171) ~[tomcat-embed-core-10.1.16.jar!/:na]
14:46:21 [backend] 	at org.apache.catalina.core.ContainerBase$StartChild.call(ContainerBase.java:1332) ~[tomcat-embed-core-10.1.16.jar!/:na]
14:46:21 [backend] 	at org.apache.catalina.core.ContainerBase$StartChild.call(ContainerBase.java:1322) ~[tomcat-embed-core-10.1.16.jar!/:na]
14:46:21 [backend] 	at java.base/java.util.concurrent.FutureTask.run(FutureTask.java:317) ~[na:na]
14:46:21 [backend] 	at org.apache.tomcat.util.threads.InlineExecutorService.execute(InlineExecutorService.java:75) ~[tomcat-embed-core-10.1.16.jar!/:na]
14:46:21 [backend] 	at java.base/java.util.concurrent.AbstractExecutorService.submit(AbstractExecutorService.java:148) ~[na:na]
14:46:21 [backend] 	at org.apache.catalina.core.ContainerBase.startInternal(ContainerBase.java:866) ~[tomcat-embed-core-10.1.16.jar!/:na]
14:46:21 [backend] 	at org.apache.catalina.core.StandardEngine.startInternal(StandardEngine.java:240) ~[tomcat-embed-core-10.1.16.jar!/:na]
14:46:21 [backend] 	at org.apache.catalina.util.LifecycleBase.start(LifecycleBase.java:171) ~[tomcat-embed-core-10.1.16.jar!/:na]
14:46:21 [backend] 	at org.apache.catalina.core.StandardService.startInternal(StandardService.java:433) ~[tomcat-embed-core-10.1.16.jar!/:na]
14:46:21 [backend] 	at org.apache.catalina.util.LifecycleBase.start(LifecycleBase.java:171) ~[tomcat-embed-core-10.1.16.jar!/:na]
14:46:21 [backend] 	at org.apache.catalina.core.StandardServer.startInternal(StandardServer.java:917) ~[tomcat-embed-core-10.1.16.jar!/:na]
14:46:21 [backend] 	at org.apache.catalina.util.LifecycleBase.start(LifecycleBase.java:171) ~[tomcat-embed-core-10.1.16.jar!/:na]
14:46:21 [backend] 	at org.apache.catalina.startup.Tomcat.start(Tomcat.java:488) ~[tomcat-embed-core-10.1.16.jar!/:na]
14:46:21 [backend] 	at org.springframework.boot.web.embedded.tomcat.TomcatWebServer.initialize(TomcatWebServer.java:123) ~[spring-boot-3.2.0.jar!/:3.2.0]
14:46:21 [backend] 	at org.springframework.boot.web.embedded.tomcat.TomcatWebServer.<init>(TomcatWebServer.java:104) ~[spring-boot-3.2.0.jar!/:3.2.0]
14:46:21 [backend] 	at org.springframework.boot.web.embedded.tomcat.TomcatServletWebServerFactory.getTomcatWebServer(TomcatServletWebServerFactory.java:501) ~[spring-boot-3.2.0.jar!/:3.2.0]
14:46:21 [backend] 	at org.springframework.boot.web.embedded.tomcat.TomcatServletWebServerFactory.getWebServer(TomcatServletWebServerFactory.java:218) ~[spring-boot-3.2.0.jar!/:3.2.0]
14:46:21 [backend] 	at org.springframework.boot.web.servlet.context.ServletWebServerApplicationContext.createWebServer(ServletWebServerApplicationContext.java:188) ~[spring-boot-3.2.0.jar!/:3.2.0]
14:46:21 [backend] 	at org.springframework.boot.web.servlet.context.ServletWebServerApplicationContext.onRefresh(ServletWebServerApplicationContext.java:162) ~[spring-boot-3.2.0.jar!/:3.2.0]
14:46:21 [backend] 	at org.springframework.context.support.AbstractApplicationContext.refresh(AbstractApplicationContext.java:610) ~[spring-context-6.1.1.jar!/:6.1.1]
14:46:21 [backend] 	at org.springframework.boot.web.servlet.context.ServletWebServerApplicationContext.refresh(ServletWebServerApplicationContext.java:146) ~[spring-boot-3.2.0.jar!/:3.2.0]
14:46:21 [backend] 	at org.springframework.boot.SpringApplication.refresh(SpringApplication.java:753) ~[spring-boot-3.2.0.jar!/:3.2.0]
14:46:21 [backend] 	at org.springframework.boot.SpringApplication.refreshContext(SpringApplication.java:455) ~[spring-boot-3.2.0.jar!/:3.2.0]
14:46:21 [backend] 	at org.springframework.boot.SpringApplication.run(SpringApplication.java:323) ~[spring-boot-3.2.0.jar!/:3.2.0]
14:46:21 [backend] 	at org.springframework.boot.SpringApplication.run(SpringApplication.java:1342) ~[spring-boot-3.2.0.jar!/:3.2.0]
14:46:21 [backend] 	at org.springframework.boot.SpringApplication.run(SpringApplication.java:1331) ~[spring-boot-3.2.0.jar!/:3.2.0]
14:46:21 [backend] 	at org.example.studyroom.StudyRoomApplication.main(StudyRoomApplication.java:11) ~[!/:0.0.1-SNAPSHOT]
14:46:21 [backend] 	at java.base/jdk.internal.reflect.DirectMethodHandleAccessor.invoke(DirectMethodHandleAccessor.java:103) ~[na:na]
14:46:21 [backend] 	at java.base/java.lang.reflect.Method.invoke(Method.java:580) ~[na:na]
14:46:21 [backend] 	at org.springframework.boot.loader.launch.Launcher.launch(Launcher.java:91) ~[studyroom.jar:0.0.1-SNAPSHOT]
14:46:21 [backend] 	at org.springframework.boot.loader.launch.Launcher.launch(Launcher.java:53) ~[studyroom.jar:0.0.1-SNAPSHOT]
14:46:21 [backend] 	at org.springframework.boot.loader.launch.JarLauncher.main(JarLauncher.java:58) ~[studyroom.jar:0.0.1-SNAPSHOT]
14:46:21 [backend] Caused by: org.h2.mvstore.MVStoreException: The file is locked: C:/Users/flxd/Desktop/宸ヤ綔鏂囦欢/杞欢宸ョ▼/studyroom_submit/backend/data/studyroom.mv.db [2.2.224/7]
14:46:21 [backend] 	at org.h2.mvstore.DataUtils.newMVStoreException(DataUtils.java:996) ~[h2-2.2.224.jar!/:na]
14:46:21 [backend] 	at org.h2.mvstore.SingleFileStore.lockFileChannel(SingleFileStore.java:143) ~[h2-2.2.224.jar!/:na]
14:46:21 [backend] 	at org.h2.mvstore.SingleFileStore.open(SingleFileStore.java:117) ~[h2-2.2.224.jar!/:na]
14:46:21 [backend] 	at org.h2.mvstore.SingleFileStore.open(SingleFileStore.java:81) ~[h2-2.2.224.jar!/:na]
14:46:21 [backend] 	at org.h2.mvstore.MVStore.<init>(MVStore.java:286) ~[h2-2.2.224.jar!/:na]
14:46:21 [backend] 	at org.h2.mvstore.MVStore$Builder.open(MVStore.java:2035) ~[h2-2.2.224.jar!/:na]
14:46:21 [backend] 	at org.h2.mvstore.db.Store.<init>(Store.java:133) ~[h2-2.2.224.jar!/:na]
14:46:21 [backend] 	... 93 common frames omitted
14:46:21 [backend] 
14:46:21 [backend] 2026-06-12T14:46:21.737+08:00  INFO 2680 --- [           main] com.zaxxer.hikari.HikariDataSource       : HikariPool-1 - Starting...
14:46:22 [backend] 2026-06-12T14:46:22.750+08:00 ERROR 2680 --- [           main] com.zaxxer.hikari.pool.HikariPool        : HikariPool-1 - Exception during pool initialization.
14:46:22 [backend] 
14:46:22 [backend] org.h2.jdbc.JdbcSQLNonTransientConnectionException: Database may be already in use: "C:/Users/flxd/Desktop/宸ヤ綔鏂囦欢/杞欢宸ョ▼/studyroom_submit/backend/data/studyroom.mv.db". Possible solutions: close all other connection(s); use the server mode [90020-224]
14:46:22 [backend] 	at org.h2.message.DbException.getJdbcSQLException(DbException.java:690) ~[h2-2.2.224.jar!/:na]
14:46:22 [backend] 	at org.h2.message.DbException.getJdbcSQLException(DbException.java:489) ~[h2-2.2.224.jar!/:na]
14:46:22 [backend] 	at org.h2.message.DbException.get(DbException.java:212) ~[h2-2.2.224.jar!/:na]
14:46:22 [backend] 	at org.h2.mvstore.db.Store.convertMVStoreException(Store.java:165) ~[h2-2.2.224.jar!/:na]
14:46:22 [backend] 	at org.h2.mvstore.db.Store.<init>(Store.java:142) ~[h2-2.2.224.jar!/:na]
14:46:22 [backend] 	at org.h2.engine.Database.<init>(Database.java:326) ~[h2-2.2.224.jar!/:na]
14:46:22 [backend] 	at org.h2.engine.Engine.openSession(Engine.java:92) ~[h2-2.2.224.jar!/:na]
14:46:22 [backend] 	at org.h2.engine.Engine.openSession(Engine.java:222) ~[h2-2.2.224.jar!/:na]
14:46:22 [backend] 	at org.h2.engine.Engine.createSession(Engine.java:201) ~[h2-2.2.224.jar!/:na]
14:46:22 [backend] 	at org.h2.engine.SessionRemote.connectEmbeddedOrServer(SessionRemote.java:343) ~[h2-2.2.224.jar!/:na]
14:46:22 [backend] 	at org.h2.jdbc.JdbcConnection.<init>(JdbcConnection.java:125) ~[h2-2.2.224.jar!/:na]
14:46:22 [backend] 	at org.h2.Driver.connect(Driver.java:59) ~[h2-2.2.224.jar!/:na]
14:46:22 [backend] 	at com.zaxxer.hikari.util.DriverDataSource.getConnection(DriverDataSource.java:138) ~[HikariCP-5.0.1.jar!/:na]
14:46:22 [backend] 	at com.zaxxer.hikari.pool.PoolBase.newConnection(PoolBase.java:359) ~[HikariCP-5.0.1.jar!/:na]
14:46:22 [backend] 	at com.zaxxer.hikari.pool.PoolBase.newPoolEntry(PoolBase.java:201) ~[HikariCP-5.0.1.jar!/:na]
14:46:22 [backend] 	at com.zaxxer.hikari.pool.HikariPool.createPoolEntry(HikariPool.java:470) ~[HikariCP-5.0.1.jar!/:na]
14:46:22 [backend] 	at com.zaxxer.hikari.pool.HikariPool.checkFailFast(HikariPool.java:561) ~[HikariCP-5.0.1.jar!/:na]
14:46:22 [backend] 	at com.zaxxer.hikari.pool.HikariPool.<init>(HikariPool.java:100) ~[HikariCP-5.0.1.jar!/:na]
14:46:22 [backend] 	at com.zaxxer.hikari.HikariDataSource.getConnection(HikariDataSource.java:112) ~[HikariCP-5.0.1.jar!/:na]
14:46:22 [backend] 	at org.springframework.jdbc.datasource.DataSourceUtils.fetchConnection(DataSourceUtils.java:160) ~[spring-jdbc-6.1.1.jar!/:6.1.1]
14:46:22 [backend] 	at org.springframework.jdbc.datasource.DataSourceUtils.doGetConnection(DataSourceUtils.java:118) ~[spring-jdbc-6.1.1.jar!/:6.1.1]
14:46:22 [backend] 	at org.springframework.jdbc.datasource.DataSourceUtils.getConnection(DataSourceUtils.java:81) ~[spring-jdbc-6.1.1.jar!/:6.1.1]
14:46:22 [backend] 	at org.springframework.jdbc.datasource.init.DatabasePopulatorUtils.execute(DatabasePopulatorUtils.java:52) ~[spring-jdbc-6.1.1.jar!/:6.1.1]
14:46:22 [backend] 	at org.springframework.boot.jdbc.init.DataSourceScriptDatabaseInitializer.runScripts(DataSourceScriptDatabaseInitializer.java:87) ~[spring-boot-3.2.0.jar!/:3.2.0]
14:46:22 [backend] 	at org.springframework.boot.sql.init.AbstractScriptDatabaseInitializer.runScripts(AbstractScriptDatabaseInitializer.java:146) ~[spring-boot-3.2.0.jar!/:3.2.0]
14:46:22 [backend] 	at org.springframework.boot.sql.init.AbstractScriptDatabaseInitializer.applyScripts(AbstractScriptDatabaseInitializer.java:108) ~[spring-boot-3.2.0.jar!/:3.2.0]
14:46:22 [backend] 	at org.springframework.boot.sql.init.AbstractScriptDatabaseInitializer.applySchemaScripts(AbstractScriptDatabaseInitializer.java:98) ~[spring-boot-3.2.0.jar!/:3.2.0]
14:46:22 [backend] 	at org.springframework.boot.sql.init.AbstractScriptDatabaseInitializer.initializeDatabase(AbstractScriptDatabaseInitializer.java:76) ~[spring-boot-3.2.0.jar!/:3.2.0]
14:46:22 [backend] 	at org.springframework.boot.sql.init.AbstractScriptDatabaseInitializer.afterPropertiesSet(AbstractScriptDatabaseInitializer.java:66) ~[spring-boot-3.2.0.jar!/:3.2.0]
14:46:22 [backend] 	at org.springframework.beans.factory.support.AbstractAutowireCapableBeanFactory.invokeInitMethods(AbstractAutowireCapableBeanFactory.java:1822) ~[spring-beans-6.1.1.jar!/:6.1.1]
14:46:22 [backend] 	at org.springframework.beans.factory.support.AbstractAutowireCapableBeanFactory.initializeBean(AbstractAutowireCapableBeanFactory.java:1771) ~[spring-beans-6.1.1.jar!/:6.1.1]
14:46:22 [backend] 	at org.springframework.beans.factory.support.AbstractAutowireCapableBeanFactory.doCreateBean(AbstractAutowireCapableBeanFactory.java:601) ~[spring-beans-6.1.1.jar!/:6.1.1]
14:46:22 [backend] 	at org.springframework.beans.factory.support.AbstractAutowireCapableBeanFactory.createBean(AbstractAutowireCapableBeanFactory.java:523) ~[spring-beans-6.1.1.jar!/:6.1.1]
14:46:22 [backend] 	at org.springframework.beans.factory.support.AbstractBeanFactory.lambda$doGetBean$0(AbstractBeanFactory.java:325) ~[spring-beans-6.1.1.jar!/:6.1.1]
14:46:22 [backend] 	at org.springframework.beans.factory.support.DefaultSingletonBeanRegistry.getSingleton(DefaultSingletonBeanRegistry.java:234) ~[spring-beans-6.1.1.jar!/:6.1.1]
14:46:22 [backend] 	at org.springframework.beans.factory.support.AbstractBeanFactory.doGetBean(AbstractBeanFactory.java:323) ~[spring-beans-6.1.1.jar!/:6.1.1]
14:46:22 [backend] 	at org.springframework.beans.factory.support.AbstractBeanFactory.getBean(AbstractBeanFactory.java:199) ~[spring-beans-6.1.1.jar!/:6.1.1]
14:46:22 [backend] 	at org.springframework.beans.factory.support.AbstractBeanFactory.doGetBean(AbstractBeanFactory.java:312) ~[spring-beans-6.1.1.jar!/:6.1.1]
14:46:22 [backend] 	at org.springframework.beans.factory.support.AbstractBeanFactory.getBean(AbstractBeanFactory.java:199) ~[spring-beans-6.1.1.jar!/:6.1.1]
14:46:22 [backend] 	at org.springframework.beans.factory.config.DependencyDescriptor.resolveCandidate(DependencyDescriptor.java:254) ~[spring-beans-6.1.1.jar!/:6.1.1]
14:46:22 [backend] 	at org.springframework.beans.factory.support.DefaultListableBeanFactory.doResolveDependency(DefaultListableBeanFactory.java:1441) ~[spring-beans-6.1.1.jar!/:6.1.1]
14:46:22 [backend] 	at org.springframework.beans.factory.support.DefaultListableBeanFactory.resolveDependency(DefaultListableBeanFactory.java:1348) ~[spring-beans-6.1.1.jar!/:6.1.1]
14:46:22 [backend] 	at org.springframework.beans.factory.support.AbstractAutowireCapableBeanFactory.autowireByType(AbstractAutowireCapableBeanFactory.java:1502) ~[spring-beans-6.1.1.jar!/:6.1.1]
14:46:22 [backend] 	at org.springframework.beans.factory.support.AbstractAutowireCapableBeanFactory.populateBean(AbstractAutowireCapableBeanFactory.java:1411) ~[spring-beans-6.1.1.jar!/:6.1.1]
14:46:22 [backend] 	at org.springframework.beans.factory.support.AbstractAutowireCapableBeanFactory.doCreateBean(AbstractAutowireCapableBeanFactory.java:600) ~[spring-beans-6.1.1.jar!/:6.1.1]
14:46:22 [backend] 	at org.springframework.beans.factory.support.AbstractAutowireCapableBeanFactory.createBean(AbstractAutowireCapableBeanFactory.java:523) ~[spring-beans-6.1.1.jar!/:6.1.1]
14:46:22 [backend] 	at org.springframework.beans.factory.support.AbstractBeanFactory.lambda$doGetBean$0(AbstractBeanFactory.java:325) ~[spring-beans-6.1.1.jar!/:6.1.1]
14:46:22 [backend] 	at org.springframework.beans.factory.support.DefaultSingletonBeanRegistry.getSingleton(DefaultSingletonBeanRegistry.java:234) ~[spring-beans-6.1.1.jar!/:6.1.1]
14:46:22 [backend] 	at org.springframework.beans.factory.support.AbstractBeanFactory.doGetBean(AbstractBeanFactory.java:323) ~[spring-beans-6.1.1.jar!/:6.1.1]
14:46:22 [backend] 	at org.springframework.beans.factory.support.AbstractBeanFactory.getBean(AbstractBeanFactory.java:199) ~[spring-beans-6.1.1.jar!/:6.1.1]
14:46:22 [backend] 	at org.springframework.beans.factory.config.DependencyDescriptor.resolveCandidate(DependencyDescriptor.java:254) ~[spring-beans-6.1.1.jar!/:6.1.1]
14:46:22 [backend] 	at org.springframework.beans.factory.support.DefaultListableBeanFactory.doResolveDependency(DefaultListableBeanFactory.java:1441) ~[spring-beans-6.1.1.jar!/:6.1.1]
14:46:22 [backend] 	at org.springframework.beans.factory.support.DefaultListableBeanFactory.resolveDependency(DefaultListableBeanFactory.java:1348) ~[spring-beans-6.1.1.jar!/:6.1.1]
14:46:22 [backend] 	at org.springframework.beans.factory.annotation.AutowiredAnnotationBeanPostProcessor$AutowiredFieldElement.resolveFieldValue(AutowiredAnnotationBeanPostProcessor.java:769) ~[spring-beans-6.1.1.jar!/:6.1.1]
14:46:22 [backend] 	at org.springframework.beans.factory.annotation.AutowiredAnnotationBeanPostProcessor$AutowiredFieldElement.inject(AutowiredAnnotationBeanPostProcessor.java:752) ~[spring-beans-6.1.1.jar!/:6.1.1]
14:46:22 [backend] 	at org.springframework.beans.factory.annotation.InjectionMetadata.inject(InjectionMetadata.java:145) ~[spring-beans-6.1.1.jar!/:6.1.1]
14:46:22 [backend] 	at org.springframework.beans.factory.annotation.AutowiredAnnotationBeanPostProcessor.postProcessProperties(AutowiredAnnotationBeanPostProcessor.java:493) ~[spring-beans-6.1.1.jar!/:6.1.1]
14:46:22 [backend] 	at org.springframework.beans.factory.support.AbstractAutowireCapableBeanFactory.populateBean(AbstractAutowireCapableBeanFactory.java:1420) ~[spring-beans-6.1.1.jar!/:6.1.1]
14:46:22 [backend] 	at org.springframework.beans.factory.support.AbstractAutowireCapableBeanFactory.doCreateBean(AbstractAutowireCapableBeanFactory.java:600) ~[spring-beans-6.1.1.jar!/:6.1.1]
14:46:22 [backend] 	at org.springframework.beans.factory.support.AbstractAutowireCapableBeanFactory.createBean(AbstractAutowireCapableBeanFactory.java:523) ~[spring-beans-6.1.1.jar!/:6.1.1]
14:46:22 [backend] 	at org.springframework.beans.factory.support.AbstractBeanFactory.lambda$doGetBean$0(AbstractBeanFactory.java:325) ~[spring-beans-6.1.1.jar!/:6.1.1]
14:46:22 [backend] 	at org.springframework.beans.factory.support.DefaultSingletonBeanRegistry.getSingleton(DefaultSingletonBeanRegistry.java:234) ~[spring-beans-6.1.1.jar!/:6.1.1]
14:46:22 [backend] 	at org.springframework.beans.factory.support.AbstractBeanFactory.doGetBean(AbstractBeanFactory.java:323) ~[spring-beans-6.1.1.jar!/:6.1.1]
14:46:22 [backend] 	at org.springframework.beans.factory.support.AbstractBeanFactory.getBean(AbstractBeanFactory.java:199) ~[spring-beans-6.1.1.jar!/:6.1.1]
14:46:22 [backend] 	at org.springframework.beans.factory.support.DefaultListableBeanFactory.preInstantiateSingletons(DefaultListableBeanFactory.java:973) ~[spring-beans-6.1.1.jar!/:6.1.1]
14:46:22 [backend] 	at org.springframework.context.support.AbstractApplicationContext.finishBeanFactoryInitialization(AbstractApplicationContext.java:946) ~[spring-context-6.1.1.jar!/:6.1.1]
14:46:22 [backend] 	at org.springframework.context.support.AbstractApplicationContext.refresh(AbstractApplicationContext.java:616) ~[spring-context-6.1.1.jar!/:6.1.1]
14:46:22 [backend] 	at org.springframework.boot.web.servlet.context.ServletWebServerApplicationContext.refresh(ServletWebServerApplicationContext.java:146) ~[spring-boot-3.2.0.jar!/:3.2.0]
14:46:22 [backend] 	at org.springframework.boot.SpringApplication.refresh(SpringApplication.java:753) ~[spring-boot-3.2.0.jar!/:3.2.0]
14:46:22 [backend] 	at org.springframework.boot.SpringApplication.refreshContext(SpringApplication.java:455) ~[spring-boot-3.2.0.jar!/:3.2.0]
14:46:22 [backend] 	at org.springframework.boot.SpringApplication.run(SpringApplication.java:323) ~[spring-boot-3.2.0.jar!/:3.2.0]
14:46:22 [backend] 	at org.springframework.boot.SpringApplication.run(SpringApplication.java:1342) ~[spring-boot-3.2.0.jar!/:3.2.0]
14:46:22 [backend] 	at org.springframework.boot.SpringApplication.run(SpringApplication.java:1331) ~[spring-boot-3.2.0.jar!/:3.2.0]
14:46:22 [backend] 	at org.example.studyroom.StudyRoomApplication.main(StudyRoomApplication.java:11) ~[!/:0.0.1-SNAPSHOT]
14:46:22 [backend] 	at java.base/jdk.internal.reflect.DirectMethodHandleAccessor.invoke(DirectMethodHandleAccessor.java:103) ~[na:na]
14:46:22 [backend] 	at java.base/java.lang.reflect.Method.invoke(Method.java:580) ~[na:na]
14:46:22 [backend] 	at org.springframework.boot.loader.launch.Launcher.launch(Launcher.java:91) ~[studyroom.jar:0.0.1-SNAPSHOT]
14:46:22 [backend] 	at org.springframework.boot.loader.launch.Launcher.launch(Launcher.java:53) ~[studyroom.jar:0.0.1-SNAPSHOT]
14:46:22 [backend] 	at org.springframework.boot.loader.launch.JarLauncher.main(JarLauncher.java:58) ~[studyroom.jar:0.0.1-SNAPSHOT]
14:46:22 [backend] Caused by: org.h2.mvstore.MVStoreException: The file is locked: C:/Users/flxd/Desktop/宸ヤ綔鏂囦欢/杞欢宸ョ▼/studyroom_submit/backend/data/studyroom.mv.db [2.2.224/7]
14:46:22 [backend] 	at org.h2.mvstore.DataUtils.newMVStoreException(DataUtils.java:996) ~[h2-2.2.224.jar!/:na]
14:46:22 [backend] 	at org.h2.mvstore.SingleFileStore.lockFileChannel(SingleFileStore.java:143) ~[h2-2.2.224.jar!/:na]
14:46:22 [backend] 	at org.h2.mvstore.SingleFileStore.open(SingleFileStore.java:117) ~[h2-2.2.224.jar!/:na]
14:46:22 [backend] 	at org.h2.mvstore.SingleFileStore.open(SingleFileStore.java:81) ~[h2-2.2.224.jar!/:na]
14:46:22 [backend] 	at org.h2.mvstore.MVStore.<init>(MVStore.java:286) ~[h2-2.2.224.jar!/:na]
14:46:22 [backend] 	at org.h2.mvstore.MVStore$Builder.open(MVStore.java:2035) ~[h2-2.2.224.jar!/:na]
14:46:22 [backend] 	at org.h2.mvstore.db.Store.<init>(Store.java:133) ~[h2-2.2.224.jar!/:na]
14:46:22 [backend] 	... 74 common frames omitted
14:46:22 [backend] 
14:46:22 [backend] 2026-06-12T14:46:22.760+08:00  WARN 2680 --- [           main] ConfigServletWebServerApplicationContext : Exception encountered during context initialization - cancelling refresh attempt: org.springframework.beans.factory.UnsatisfiedDependencyException: Error creating bean with name 'adminController': Unsatisfied dependency expressed through field 'userMapper': Error creating bean with name 'userMapper' defined in URL [jar:nested:/C:/Users/flxd/Desktop/宸ヤ綔鏂囦欢/杞欢宸ョ▼/studyroom_submit/backend/studyroom.jar/!BOOT-INF/classes/!/org/example/studyroom/mapper/UserMapper.class]: Unsatisfied dependency expressed through bean property 'sqlSessionTemplate': Error creating bean with name 'dataSourceScriptDatabaseInitializer' defined in class path resource [org/springframework/boot/autoconfigure/sql/init/DataSourceInitializationConfiguration.class]: Failed to execute database script
14:46:22 [backend] 2026-06-12T14:46:22.762+08:00  INFO 2680 --- [           main] o.apache.catalina.core.StandardService   : Stopping service [Tomcat]
14:46:22 [backend] 2026-06-12T14:46:22.770+08:00  INFO 2680 --- [           main] .s.b.a.l.ConditionEvaluationReportLogger : 
14:46:22 [backend] 
14:46:22 [backend] Error starting ApplicationContext. To display the condition evaluation report re-run your application with 'debug' enabled.
14:46:22 [backend] 2026-06-12T14:46:22.783+08:00 ERROR 2680 --- [           main] o.s.boot.SpringApplication               : Application run failed
14:46:22 [backend] 
14:46:22 [backend] org.springframework.beans.factory.UnsatisfiedDependencyException: Error creating bean with name 'adminController': Unsatisfied dependency expressed through field 'userMapper': Error creating bean with name 'userMapper' defined in URL [jar:nested:/C:/Users/flxd/Desktop/宸ヤ綔鏂囦欢/杞欢宸ョ▼/studyroom_submit/backend/studyroom.jar/!BOOT-INF/classes/!/org/example/studyroom/mapper/UserMapper.class]: Unsatisfied dependency expressed through bean property 'sqlSessionTemplate': Error creating bean with name 'dataSourceScriptDatabaseInitializer' defined in class path resource [org/springframework/boot/autoconfigure/sql/init/DataSourceInitializationConfiguration.class]: Failed to execute database script
14:46:22 [backend] 	at org.springframework.beans.factory.annotation.AutowiredAnnotationBeanPostProcessor$AutowiredFieldElement.resolveFieldValue(AutowiredAnnotationBeanPostProcessor.java:772) ~[spring-beans-6.1.1.jar!/:6.1.1]
14:46:22 [backend] 	at org.springframework.beans.factory.annotation.AutowiredAnnotationBeanPostProcessor$AutowiredFieldElement.inject(AutowiredAnnotationBeanPostProcessor.java:752) ~[spring-beans-6.1.1.jar!/:6.1.1]
14:46:22 [backend] 	at org.springframework.beans.factory.annotation.InjectionMetadata.inject(InjectionMetadata.java:145) ~[spring-beans-6.1.1.jar!/:6.1.1]
14:46:22 [backend] 	at org.springframework.beans.factory.annotation.AutowiredAnnotationBeanPostProcessor.postProcessProperties(AutowiredAnnotationBeanPostProcessor.java:493) ~[spring-beans-6.1.1.jar!/:6.1.1]
14:46:22 [backend] 	at org.springframework.beans.factory.support.AbstractAutowireCapableBeanFactory.populateBean(AbstractAutowireCapableBeanFactory.java:1420) ~[spring-beans-6.1.1.jar!/:6.1.1]
14:46:22 [backend] 	at org.springframework.beans.factory.support.AbstractAutowireCapableBeanFactory.doCreateBean(AbstractAutowireCapableBeanFactory.java:600) ~[spring-beans-6.1.1.jar!/:6.1.1]
14:46:22 [backend] 	at org.springframework.beans.factory.support.AbstractAutowireCapableBeanFactory.createBean(AbstractAutowireCapableBeanFactory.java:523) ~[spring-beans-6.1.1.jar!/:6.1.1]
14:46:22 [backend] 	at org.springframework.beans.factory.support.AbstractBeanFactory.lambda$doGetBean$0(AbstractBeanFactory.java:325) ~[spring-beans-6.1.1.jar!/:6.1.1]
14:46:22 [backend] 	at org.springframework.beans.factory.support.DefaultSingletonBeanRegistry.getSingleton(DefaultSingletonBeanRegistry.java:234) ~[spring-beans-6.1.1.jar!/:6.1.1]
14:46:22 [backend] 	at org.springframework.beans.factory.support.AbstractBeanFactory.doGetBean(AbstractBeanFactory.java:323) ~[spring-beans-6.1.1.jar!/:6.1.1]
14:46:22 [backend] 	at org.springframework.beans.factory.support.AbstractBeanFactory.getBean(AbstractBeanFactory.java:199) ~[spring-beans-6.1.1.jar!/:6.1.1]
14:46:22 [backend] 	at org.springframework.beans.factory.support.DefaultListableBeanFactory.preInstantiateSingletons(DefaultListableBeanFactory.java:973) ~[spring-beans-6.1.1.jar!/:6.1.1]
14:46:22 [backend] 	at org.springframework.context.support.AbstractApplicationContext.finishBeanFactoryInitialization(AbstractApplicationContext.java:946) ~[spring-context-6.1.1.jar!/:6.1.1]
14:46:22 [backend] 	at org.springframework.context.support.AbstractApplicationContext.refresh(AbstractApplicationContext.java:616) ~[spring-context-6.1.1.jar!/:6.1.1]
14:46:22 [backend] 	at org.springframework.boot.web.servlet.context.ServletWebServerApplicationContext.refresh(ServletWebServerApplicationContext.java:146) ~[spring-boot-3.2.0.jar!/:3.2.0]
14:46:22 [backend] 	at org.springframework.boot.SpringApplication.refresh(SpringApplication.java:753) ~[spring-boot-3.2.0.jar!/:3.2.0]
14:46:22 [backend] 	at org.springframework.boot.SpringApplication.refreshContext(SpringApplication.java:455) ~[spring-boot-3.2.0.jar!/:3.2.0]
14:46:22 [backend] 	at org.springframework.boot.SpringApplication.run(SpringApplication.java:323) ~[spring-boot-3.2.0.jar!/:3.2.0]
14:46:22 [backend] 	at org.springframework.boot.SpringApplication.run(SpringApplication.java:1342) ~[spring-boot-3.2.0.jar!/:3.2.0]
14:46:22 [backend] 	at org.springframework.boot.SpringApplication.run(SpringApplication.java:1331) ~[spring-boot-3.2.0.jar!/:3.2.0]
14:46:22 [backend] 	at org.example.studyroom.StudyRoomApplication.main(StudyRoomApplication.java:11) ~[!/:0.0.1-SNAPSHOT]
14:46:22 [backend] 	at java.base/jdk.internal.reflect.DirectMethodHandleAccessor.invoke(DirectMethodHandleAccessor.java:103) ~[na:na]
14:46:22 [backend] 	at java.base/java.lang.reflect.Method.invoke(Method.java:580) ~[na:na]
14:46:22 [backend] 	at org.springframework.boot.loader.launch.Launcher.launch(Launcher.java:91) ~[studyroom.jar:0.0.1-SNAPSHOT]
14:46:22 [backend] 	at org.springframework.boot.loader.launch.Launcher.launch(Launcher.java:53) ~[studyroom.jar:0.0.1-SNAPSHOT]
14:46:22 [backend] 	at org.springframework.boot.loader.launch.JarLauncher.main(JarLauncher.java:58) ~[studyroom.jar:0.0.1-SNAPSHOT]
14:46:22 [backend] Caused by: org.springframework.beans.factory.UnsatisfiedDependencyException: Error creating bean with name 'userMapper' defined in URL [jar:nested:/C:/Users/flxd/Desktop/宸ヤ綔鏂囦欢/杞欢宸ョ▼/studyroom_submit/backend/studyroom.jar/!BOOT-INF/classes/!/org/example/studyroom/mapper/UserMapper.class]: Unsatisfied dependency expressed through bean property 'sqlSessionTemplate': Error creating bean with name 'dataSourceScriptDatabaseInitializer' defined in class path resource [org/springframework/boot/autoconfigure/sql/init/DataSourceInitializationConfiguration.class]: Failed to execute database script
14:46:22 [backend] 	at org.springframework.beans.factory.support.AbstractAutowireCapableBeanFactory.autowireByType(AbstractAutowireCapableBeanFactory.java:1517) ~[spring-beans-6.1.1.jar!/:6.1.1]
14:46:22 [backend] 	at org.springframework.beans.factory.support.AbstractAutowireCapableBeanFactory.populateBean(AbstractAutowireCapableBeanFactory.java:1411) ~[spring-beans-6.1.1.jar!/:6.1.1]
14:46:22 [backend] 	at org.springframework.beans.factory.support.AbstractAutowireCapableBeanFactory.doCreateBean(AbstractAutowireCapableBeanFactory.java:600) ~[spring-beans-6.1.1.jar!/:6.1.1]
14:46:22 [backend] 	at org.springframework.beans.factory.support.AbstractAutowireCapableBeanFactory.createBean(AbstractAutowireCapableBeanFactory.java:523) ~[spring-beans-6.1.1.jar!/:6.1.1]
14:46:22 [backend] 	at org.springframework.beans.factory.support.AbstractBeanFactory.lambda$doGetBean$0(AbstractBeanFactory.java:325) ~[spring-beans-6.1.1.jar!/:6.1.1]
14:46:22 [backend] 	at org.springframework.beans.factory.support.DefaultSingletonBeanRegistry.getSingleton(DefaultSingletonBeanRegistry.java:234) ~[spring-beans-6.1.1.jar!/:6.1.1]
14:46:22 [backend] 	at org.springframework.beans.factory.support.AbstractBeanFactory.doGetBean(AbstractBeanFactory.java:323) ~[spring-beans-6.1.1.jar!/:6.1.1]
14:46:22 [backend] 	at org.springframework.beans.factory.support.AbstractBeanFactory.getBean(AbstractBeanFactory.java:199) ~[spring-beans-6.1.1.jar!/:6.1.1]
14:46:22 [backend] 	at org.springframework.beans.factory.config.DependencyDescriptor.resolveCandidate(DependencyDescriptor.java:254) ~[spring-beans-6.1.1.jar!/:6.1.1]
14:46:22 [backend] 	at org.springframework.beans.factory.support.DefaultListableBeanFactory.doResolveDependency(DefaultListableBeanFactory.java:1441) ~[spring-beans-6.1.1.jar!/:6.1.1]
14:46:22 [backend] 	at org.springframework.beans.factory.support.DefaultListableBeanFactory.resolveDependency(DefaultListableBeanFactory.java:1348) ~[spring-beans-6.1.1.jar!/:6.1.1]
14:46:22 [backend] 	at org.springframework.beans.factory.annotation.AutowiredAnnotationBeanPostProcessor$AutowiredFieldElement.resolveFieldValue(AutowiredAnnotationBeanPostProcessor.java:769) ~[spring-beans-6.1.1.jar!/:6.1.1]
14:46:22 [backend] 	... 25 common frames omitted
14:46:22 [backend] Caused by: org.springframework.beans.factory.BeanCreationException: Error creating bean with name 'dataSourceScriptDatabaseInitializer' defined in class path resource [org/springframework/boot/autoconfigure/sql/init/DataSourceInitializationConfiguration.class]: Failed to execute database script
14:46:22 [backend] 	at org.springframework.beans.factory.support.AbstractAutowireCapableBeanFactory.initializeBean(AbstractAutowireCapableBeanFactory.java:1775) ~[spring-beans-6.1.1.jar!/:6.1.1]
14:46:22 [backend] 	at org.springframework.beans.factory.support.AbstractAutowireCapableBeanFactory.doCreateBean(AbstractAutowireCapableBeanFactory.java:601) ~[spring-beans-6.1.1.jar!/:6.1.1]
14:46:22 [backend] 	at org.springframework.beans.factory.support.AbstractAutowireCapableBeanFactory.createBean(AbstractAutowireCapableBeanFactory.java:523) ~[spring-beans-6.1.1.jar!/:6.1.1]
14:46:22 [backend] 	at org.springframework.beans.factory.support.AbstractBeanFactory.lambda$doGetBean$0(AbstractBeanFactory.java:325) ~[spring-beans-6.1.1.jar!/:6.1.1]
14:46:22 [backend] 	at org.springframework.beans.factory.support.DefaultSingletonBeanRegistry.getSingleton(DefaultSingletonBeanRegistry.java:234) ~[spring-beans-6.1.1.jar!/:6.1.1]
14:46:22 [backend] 	at org.springframework.beans.factory.support.AbstractBeanFactory.doGetBean(AbstractBeanFactory.java:323) ~[spring-beans-6.1.1.jar!/:6.1.1]
14:46:22 [backend] 	at org.springframework.beans.factory.support.AbstractBeanFactory.getBean(AbstractBeanFactory.java:199) ~[spring-beans-6.1.1.jar!/:6.1.1]
14:46:22 [backend] 	at org.springframework.beans.factory.support.AbstractBeanFactory.doGetBean(AbstractBeanFactory.java:312) ~[spring-beans-6.1.1.jar!/:6.1.1]
14:46:22 [backend] 	at org.springframework.beans.factory.support.AbstractBeanFactory.getBean(AbstractBeanFactory.java:199) ~[spring-beans-6.1.1.jar!/:6.1.1]
14:46:22 [backend] 	at org.springframework.beans.factory.config.DependencyDescriptor.resolveCandidate(DependencyDescriptor.java:254) ~[spring-beans-6.1.1.jar!/:6.1.1]
14:46:22 [backend] 	at org.springframework.beans.factory.support.DefaultListableBeanFactory.doResolveDependency(DefaultListableBeanFactory.java:1441) ~[spring-beans-6.1.1.jar!/:6.1.1]
14:46:22 [backend] 	at org.springframework.beans.factory.support.DefaultListableBeanFactory.resolveDependency(DefaultListableBeanFactory.java:1348) ~[spring-beans-6.1.1.jar!/:6.1.1]
14:46:22 [backend] 	at org.springframework.beans.factory.support.AbstractAutowireCapableBeanFactory.autowireByType(AbstractAutowireCapableBeanFactory.java:1502) ~[spring-beans-6.1.1.jar!/:6.1.1]
14:46:22 [backend] 	... 36 common frames omitted
14:46:22 [backend] Caused by: org.springframework.jdbc.datasource.init.UncategorizedScriptException: Failed to execute database script
14:46:22 [backend] 	at org.springframework.jdbc.datasource.init.DatabasePopulatorUtils.execute(DatabasePopulatorUtils.java:67) ~[spring-jdbc-6.1.1.jar!/:6.1.1]
14:46:22 [backend] 	at org.springframework.boot.jdbc.init.DataSourceScriptDatabaseInitializer.runScripts(DataSourceScriptDatabaseInitializer.java:87) ~[spring-boot-3.2.0.jar!/:3.2.0]
14:46:22 [backend] 	at org.springframework.boot.sql.init.AbstractScriptDatabaseInitializer.runScripts(AbstractScriptDatabaseInitializer.java:146) ~[spring-boot-3.2.0.jar!/:3.2.0]
14:46:22 [backend] 	at org.springframework.boot.sql.init.AbstractScriptDatabaseInitializer.applyScripts(AbstractScriptDatabaseInitializer.java:108) ~[spring-boot-3.2.0.jar!/:3.2.0]
14:46:22 [backend] 	at org.springframework.boot.sql.init.AbstractScriptDatabaseInitializer.applySchemaScripts(AbstractScriptDatabaseInitializer.java:98) ~[spring-boot-3.2.0.jar!/:3.2.0]
14:46:22 [backend] 	at org.springframework.boot.sql.init.AbstractScriptDatabaseInitializer.initializeDatabase(AbstractScriptDatabaseInitializer.java:76) ~[spring-boot-3.2.0.jar!/:3.2.0]
14:46:22 [backend] 	at org.springframework.boot.sql.init.AbstractScriptDatabaseInitializer.afterPropertiesSet(AbstractScriptDatabaseInitializer.java:66) ~[spring-boot-3.2.0.jar!/:3.2.0]
14:46:22 [backend] 	at org.springframework.beans.factory.support.AbstractAutowireCapableBeanFactory.invokeInitMethods(AbstractAutowireCapableBeanFactory.java:1822) ~[spring-beans-6.1.1.jar!/:6.1.1]
14:46:22 [backend] 	at org.springframework.beans.factory.support.AbstractAutowireCapableBeanFactory.initializeBean(AbstractAutowireCapableBeanFactory.java:1771) ~[spring-beans-6.1.1.jar!/:6.1.1]
14:46:22 [backend] 	... 48 common frames omitted
14:46:22 [backend] Caused by: org.springframework.jdbc.CannotGetJdbcConnectionException: Failed to obtain JDBC Connection
14:46:22 [backend] 	at org.springframework.jdbc.datasource.DataSourceUtils.getConnection(DataSourceUtils.java:84) ~[spring-jdbc-6.1.1.jar!/:6.1.1]
14:46:22 [backend] 	at org.springframework.jdbc.datasource.init.DatabasePopulatorUtils.execute(DatabasePopulatorUtils.java:52) ~[spring-jdbc-6.1.1.jar!/:6.1.1]
14:46:22 [backend] 	... 56 common frames omitted
14:46:22 [backend] Caused by: org.h2.jdbc.JdbcSQLNonTransientConnectionException: Database may be already in use: "C:/Users/flxd/Desktop/宸ヤ綔鏂囦欢/杞欢宸ョ▼/studyroom_submit/backend/data/studyroom.mv.db". Possible solutions: close all other connection(s); use the server mode [90020-224]
14:46:22 [backend] 	at org.h2.message.DbException.getJdbcSQLException(DbException.java:690) ~[h2-2.2.224.jar!/:na]
14:46:22 [backend] 	at org.h2.message.DbException.getJdbcSQLException(DbException.java:489) ~[h2-2.2.224.jar!/:na]
14:46:22 [backend] 	at org.h2.message.DbException.get(DbException.java:212) ~[h2-2.2.224.jar!/:na]
14:46:22 [backend] 	at org.h2.mvstore.db.Store.convertMVStoreException(Store.java:165) ~[h2-2.2.224.jar!/:na]
14:46:22 [backend] 	at org.h2.mvstore.db.Store.<init>(Store.java:142) ~[h2-2.2.224.jar!/:na]
14:46:22 [backend] 	at org.h2.engine.Database.<init>(Database.java:326) ~[h2-2.2.224.jar!/:na]
14:46:22 [backend] 	at org.h2.engine.Engine.openSession(Engine.java:92) ~[h2-2.2.224.jar!/:na]
14:46:22 [backend] 	at org.h2.engine.Engine.openSession(Engine.java:222) ~[h2-2.2.224.jar!/:na]
14:46:22 [backend] 	at org.h2.engine.Engine.createSession(Engine.java:201) ~[h2-2.2.224.jar!/:na]
14:46:22 [backend] 	at org.h2.engine.SessionRemote.connectEmbeddedOrServer(SessionRemote.java:343) ~[h2-2.2.224.jar!/:na]
14:46:22 [backend] 	at org.h2.jdbc.JdbcConnection.<init>(JdbcConnection.java:125) ~[h2-2.2.224.jar!/:na]
14:46:22 [backend] 	at org.h2.Driver.connect(Driver.java:59) ~[h2-2.2.224.jar!/:na]
14:46:22 [backend] 	at com.zaxxer.hikari.util.DriverDataSource.getConnection(DriverDataSource.java:138) ~[HikariCP-5.0.1.jar!/:na]
14:46:22 [backend] 	at com.zaxxer.hikari.pool.PoolBase.newConnection(PoolBase.java:359) ~[HikariCP-5.0.1.jar!/:na]
14:46:22 [backend] 	at com.zaxxer.hikari.pool.PoolBase.newPoolEntry(PoolBase.java:201) ~[HikariCP-5.0.1.jar!/:na]
14:46:22 [backend] 	at com.zaxxer.hikari.pool.HikariPool.createPoolEntry(HikariPool.java:470) ~[HikariCP-5.0.1.jar!/:na]
14:46:22 [backend] 	at com.zaxxer.hikari.pool.HikariPool.checkFailFast(HikariPool.java:561) ~[HikariCP-5.0.1.jar!/:na]
14:46:22 [backend] 	at com.zaxxer.hikari.pool.HikariPool.<init>(HikariPool.java:100) ~[HikariCP-5.0.1.jar!/:na]
14:46:22 [backend] 	at com.zaxxer.hikari.HikariDataSource.getConnection(HikariDataSource.java:112) ~[HikariCP-5.0.1.jar!/:na]
14:46:22 [backend] 	at org.springframework.jdbc.datasource.DataSourceUtils.fetchConnection(DataSourceUtils.java:160) ~[spring-jdbc-6.1.1.jar!/:6.1.1]
14:46:22 [backend] 	at org.springframework.jdbc.datasource.DataSourceUtils.doGetConnection(DataSourceUtils.java:118) ~[spring-jdbc-6.1.1.jar!/:6.1.1]
14:46:22 [backend] 	at org.springframework.jdbc.datasource.DataSourceUtils.getConnection(DataSourceUtils.java:81) ~[spring-jdbc-6.1.1.jar!/:6.1.1]
14:46:22 [backend] 	... 57 common frames omitted
14:46:22 [backend] Caused by: org.h2.mvstore.MVStoreException: The file is locked: C:/Users/flxd/Desktop/宸ヤ綔鏂囦欢/杞欢宸ョ▼/studyroom_submit/backend/data/studyroom.mv.db [2.2.224/7]
14:46:22 [backend] 	at org.h2.mvstore.DataUtils.newMVStoreException(DataUtils.java:996) ~[h2-2.2.224.jar!/:na]
14:46:22 [backend] 	at org.h2.mvstore.SingleFileStore.lockFileChannel(SingleFileStore.java:143) ~[h2-2.2.224.jar!/:na]
14:46:22 [backend] 	at org.h2.mvstore.SingleFileStore.open(SingleFileStore.java:117) ~[h2-2.2.224.jar!/:na]
14:46:22 [backend] 	at org.h2.mvstore.SingleFileStore.open(SingleFileStore.java:81) ~[h2-2.2.224.jar!/:na]
14:46:22 [backend] 	at org.h2.mvstore.MVStore.<init>(MVStore.java:286) ~[h2-2.2.224.jar!/:na]
14:46:22 [backend] 	at org.h2.mvstore.MVStore$Builder.open(MVStore.java:2035) ~[h2-2.2.224.jar!/:na]
14:46:22 [backend] 	at org.h2.mvstore.db.Store.<init>(Store.java:133) ~[h2-2.2.224.jar!/:na]
14:46:22 [backend] 	... 74 common frames omitted
14:46:22 [backend] 
14:52:26 === 自习室预约系统启动器 ===
14:52:26 程序目录: C:\Users\flxd\Desktop\工作文件\软件工程\studyroom_submit
14:52:27 Java版本: java version "23.0.2" 2025-01-21
14:52:27 后端JAR: C:\Users\flxd\Desktop\工作文件\软件工程\studyroom_submit\backend\studyroom.jar
14:52:27 客户端目录: C:\Users\flxd\Desktop\工作文件\软件工程\studyroom_submit\electron_client
14:52:27 [1/3] 启动后端服务...
14:52:27 后端PID: 31876
14:52:27 [2/3] 等待后端就绪 (最长90秒)...
14:52:27 [backend] 
14:52:27 [backend]   .   ____          _            __ _ _
14:52:27 [backend]  /\\ / ___'_ __ _ _(_)_ __  __ _ \ \ \ \
14:52:27 [backend] ( ( )\___ | '_ | '_| | '_ \/ _` | \ \ \ \
14:52:27 [backend]  \\/  ___)| |_)| | | | | || (_| |  ) ) ) )
14:52:27 [backend]   '  |____| .__|_| |_|_| |_\__, | / / / /
14:52:27 [backend]  =========|_|==============|___/=/_/_/_/
14:52:27 [backend]  :: Spring Boot ::                (v3.2.0)
14:52:27 [backend] 
14:52:27 [backend] 2026-06-12T14:52:27.938+08:00  INFO 27340 --- [           main] o.e.studyroom.StudyRoomApplication       : Starting StudyRoomApplication v0.0.1-SNAPSHOT using Java 23.0.2 with PID 27340 (C:\Users\flxd\Desktop\宸ヤ綔鏂囦欢\杞欢宸ョ▼\studyroom_submit\backend\studyroom.jar started by flxd in C:\Users\flxd\Desktop\宸ヤ綔鏂囦欢\杞欢宸ョ▼\studyroom_submit\backend)
14:52:27 [backend] 2026-06-12T14:52:27.941+08:00  INFO 27340 --- [           main] o.e.studyroom.StudyRoomApplication       : The following 1 profile is active: "demo"
14:52:28 等待后端... (1s) Timeout
14:52:28 [backend] 2026-06-12T14:52:28.809+08:00  INFO 27340 --- [           main] o.s.b.w.embedded.tomcat.TomcatWebServer  : Tomcat initialized with port 8082 (http)
14:52:28 [backend] 2026-06-12T14:52:28.817+08:00  INFO 27340 --- [           main] o.apache.catalina.core.StandardService   : Starting service [Tomcat]
14:52:28 [backend] 2026-06-12T14:52:28.818+08:00  INFO 27340 --- [           main] o.apache.catalina.core.StandardEngine    : Starting Servlet engine: [Apache Tomcat/10.1.16]
14:52:28 [backend] 2026-06-12T14:52:28.853+08:00  INFO 27340 --- [           main] o.a.c.c.C.[Tomcat].[localhost].[/]       : Initializing Spring embedded WebApplicationContext
14:52:28 [backend] 2026-06-12T14:52:28.854+08:00  INFO 27340 --- [           main] w.s.c.ServletWebServerApplicationContext : Root WebApplicationContext: initialization completed in 853 ms
14:52:28 [backend] 2026-06-12T14:52:28.876+08:00  INFO 27340 --- [           main] com.zaxxer.hikari.HikariDataSource       : HikariPool-1 - Starting...
14:52:29 [backend] 2026-06-12T14:52:29.034+08:00  INFO 27340 --- [           main] com.zaxxer.hikari.pool.HikariPool        : HikariPool-1 - Added connection conn0: url=jdbc:h2:file:./data/studyroom user=SA
14:52:29 [backend] 2026-06-12T14:52:29.035+08:00  INFO 27340 --- [           main] com.zaxxer.hikari.HikariDataSource       : HikariPool-1 - Start completed.
14:52:29 [backend] 2026-06-12T14:52:29.044+08:00  INFO 27340 --- [           main] o.s.b.a.h2.H2ConsoleAutoConfiguration    : H2 console available at '/h2-console'. Database available at 'jdbc:h2:file:./data/studyroom'
14:52:29 [backend] ══════════════════════════════════════════════
14:52:29 [backend] 【邮箱未配置】验证码将打印到控制台，请查看后端日志
14:52:29 [backend] ══════════════════════════════════════════════
14:52:29 [backend] 2026-06-12T14:52:29.492+08:00  INFO 27340 --- [           main] o.s.b.a.w.s.WelcomePageHandlerMapping    : Adding welcome page: class path resource [static/index.html]
14:52:29 [backend] 2026-06-12T14:52:29.794+08:00  INFO 27340 --- [           main] o.s.b.w.embedded.tomcat.TomcatWebServer  : Tomcat started on port 8082 (http) with context path ''
14:52:29 [backend] 2026-06-12T14:52:29.807+08:00  INFO 27340 --- [           main] o.e.studyroom.StudyRoomApplication       : Started StudyRoomApplication in 2.222 seconds (process running for 2.626)
14:52:30 [backend] 2026-06-12T14:52:30.215+08:00  INFO 27340 --- [0.0-8082-exec-1] o.a.c.c.C.[Tomcat].[localhost].[/]       : Initializing Spring DispatcherServlet 'dispatcherServlet'
14:52:30 [backend] 2026-06-12T14:52:30.216+08:00  INFO 27340 --- [0.0-8082-exec-1] o.s.web.servlet.DispatcherServlet        : Initializing Servlet 'dispatcherServlet'
14:52:30 [backend] 2026-06-12T14:52:30.216+08:00  INFO 27340 --- [0.0-8082-exec-1] o.s.web.servlet.DispatcherServlet        : Completed initialization in 0 ms
14:52:30 后端响应: OK
14:52:30 后端就绪: http://localhost:8082
14:52:30 [3/3] 启动桌面客户端...
14:52:30 尝试启动: npx electron .
14:52:30 [electron] 
14:52:31 [electron-err] [32120:0612/145231.032:ERROR:cache_util_win.cc(20)] Unable to move the cache: 鎷掔粷璁块棶銆?(0x5)
14:52:31 [electron-err] [32120:0612/145231.032:ERROR:cache_util_win.cc(20)] Unable to move the cache: 鎷掔粷璁块棶銆?(0x5)
14:52:31 [electron-err] [32120:0612/145231.032:ERROR:cache_util_win.cc(20)] Unable to move the cache: 鎷掔粷璁块棶銆?(0x5)
14:52:31 [electron-err] [32120:0612/145231.032:ERROR:disk_cache.cc(208)] Unable to create cache
14:52:31 [electron-err] [32120:0612/145231.032:ERROR:gpu_disk_cache.cc(713)] Gpu Cache Creation failed: -2
14:52:31 [electron-err] [32120:0612/145231.032:ERROR:disk_cache.cc(208)] Unable to create cache
14:52:31 [electron-err] [32120:0612/145231.032:ERROR:gpu_disk_cache.cc(713)] Gpu Cache Creation failed: -2
14:52:31 [electron-err] [32120:0612/145231.032:ERROR:disk_cache.cc(208)] Unable to create cache
14:52:31 [electron-err] [32120:0612/145231.032:ERROR:gpu_disk_cache.cc(713)] Gpu Cache Creation failed: -2
14:57:56 [backend] 2026-06-12T14:57:56.331+08:00  INFO 27340 --- [       Thread-2] com.zaxxer.hikari.HikariDataSource       : HikariPool-1 - Shutdown initiated...
14:57:56 [backend] 2026-06-12T14:57:56.332+08:00  INFO 27340 --- [       Thread-2] com.zaxxer.hikari.HikariDataSource       : HikariPool-1 - Shutdown completed.
17:24:36 === 自习室预约系统启动器 ===
17:24:36 程序目录: C:\Users\flxd\Desktop\工作文件\软件工程\studyroom_submit\studyroom_submit
17:24:37 Java版本: java version "23.0.2" 2025-01-21
17:24:37 后端JAR: C:\Users\flxd\Desktop\工作文件\软件工程\studyroom_submit\studyroom_submit\backend\studyroom.jar
17:24:37 客户端目录: C:\Users\flxd\Desktop\工作文件\软件工程\studyroom_submit\studyroom_submit\electron_client
17:24:37 [1/3] 启动后端服务...
17:24:37 后端PID: 32916
17:24:37 [2/3] 等待后端就绪 (最长90秒)...
17:24:38 [backend] 
17:24:38 [backend]   .   ____          _            __ _ _
17:24:38 [backend]  /\\ / ___'_ __ _ _(_)_ __  __ _ \ \ \ \
17:24:38 [backend] ( ( )\___ | '_ | '_| | '_ \/ _` | \ \ \ \
17:24:38 [backend]  \\/  ___)| |_)| | | | | || (_| |  ) ) ) )
17:24:38 [backend]   '  |____| .__|_| |_|_| |_\__, | / / / /
17:24:38 [backend]  =========|_|==============|___/=/_/_/_/
17:24:38 [backend]  :: Spring Boot ::                (v3.2.0)
17:24:38 [backend] 
17:24:38 [backend] 2026-08-14T17:24:38.545+08:00  INFO 32524 --- [           main] o.e.studyroom.StudyRoomApplication       : Starting StudyRoomApplication v0.0.1-SNAPSHOT using Java 23.0.2 with PID 32524 (C:\Users\flxd\Desktop\宸ヤ綔鏂囦欢\杞欢宸ョ▼\studyroom_submit\studyroom_submit\backend\studyroom.jar started by flxd in C:\Users\flxd\Desktop\宸ヤ綔鏂囦欢\杞欢宸ョ▼\studyroom_submit\studyroom_submit\backend)
17:24:38 [backend] 2026-08-14T17:24:38.548+08:00  INFO 32524 --- [           main] o.e.studyroom.StudyRoomApplication       : The following 1 profile is active: "demo"
17:24:38 等待后端... (1s) Timeout
17:24:39 [backend] 2026-08-14T17:24:39.585+08:00  INFO 32524 --- [           main] o.s.b.w.embedded.tomcat.TomcatWebServer  : Tomcat initialized with port 8082 (http)
17:24:39 [backend] 2026-08-14T17:24:39.595+08:00  INFO 32524 --- [           main] o.apache.catalina.core.StandardService   : Starting service [Tomcat]
17:24:39 [backend] 2026-08-14T17:24:39.595+08:00  INFO 32524 --- [           main] o.apache.catalina.core.StandardEngine    : Starting Servlet engine: [Apache Tomcat/10.1.16]
17:24:39 [backend] 2026-08-14T17:24:39.633+08:00  INFO 32524 --- [           main] o.a.c.c.C.[Tomcat].[localhost].[/]       : Initializing Spring embedded WebApplicationContext
17:24:39 [backend] 2026-08-14T17:24:39.634+08:00  INFO 32524 --- [           main] w.s.c.ServletWebServerApplicationContext : Root WebApplicationContext: initialization completed in 1017 ms
17:24:39 [backend] 2026-08-14T17:24:39.661+08:00  INFO 32524 --- [           main] com.zaxxer.hikari.HikariDataSource       : HikariPool-1 - Starting...
17:24:39 [backend] 2026-08-14T17:24:39.859+08:00  INFO 32524 --- [           main] com.zaxxer.hikari.pool.HikariPool        : HikariPool-1 - Added connection conn0: url=jdbc:h2:file:./data/studyroom user=SA
17:24:39 [backend] 2026-08-14T17:24:39.860+08:00  INFO 32524 --- [           main] com.zaxxer.hikari.HikariDataSource       : HikariPool-1 - Start completed.
17:24:39 [backend] 2026-08-14T17:24:39.871+08:00  INFO 32524 --- [           main] o.s.b.a.h2.H2ConsoleAutoConfiguration    : H2 console available at '/h2-console'. Database available at 'jdbc:h2:file:./data/studyroom'
17:24:40 [backend] ══════════════════════════════════════════════
17:24:40 [backend] 【邮箱未配置】验证码将打印到控制台，请查看后端日志
17:24:40 [backend] ══════════════════════════════════════════════
17:24:40 [backend] 2026-08-14T17:24:40.376+08:00  INFO 32524 --- [           main] o.s.b.a.w.s.WelcomePageHandlerMapping    : Adding welcome page: class path resource [static/index.html]
17:24:40 [backend] 2026-08-14T17:24:40.721+08:00  INFO 32524 --- [           main] o.s.b.w.embedded.tomcat.TomcatWebServer  : Tomcat started on port 8082 (http) with context path ''
17:24:40 [backend] 2026-08-14T17:24:40.781+08:00  INFO 32524 --- [           main] o.e.studyroom.StudyRoomApplication       : Started StudyRoomApplication in 2.624 seconds (process running for 3.14)
17:24:41 [backend] 2026-08-14T17:24:41.011+08:00  INFO 32524 --- [0.0-8082-exec-1] o.a.c.c.C.[Tomcat].[localhost].[/]       : Initializing Spring DispatcherServlet 'dispatcherServlet'
17:24:41 [backend] 2026-08-14T17:24:41.011+08:00  INFO 32524 --- [0.0-8082-exec-1] o.s.web.servlet.DispatcherServlet        : Initializing Servlet 'dispatcherServlet'
17:24:41 [backend] 2026-08-14T17:24:41.011+08:00  INFO 32524 --- [0.0-8082-exec-1] o.s.web.servlet.DispatcherServlet        : Completed initialization in 0 ms
17:24:41 后端响应: OK
17:24:41 后端就绪: http://localhost:8082
17:24:41 [3/3] 启动桌面客户端...
17:24:41 尝试启动: npx electron .
17:24:43 [electron] 
17:24:49 [backend] 2026-08-14T17:24:49.311+08:00  INFO 32524 --- [       Thread-2] com.zaxxer.hikari.HikariDataSource       : HikariPool-1 - Shutdown initiated...
17:24:49 [backend] 2026-08-14T17:24:49.314+08:00  INFO 32524 --- [       Thread-2] com.zaxxer.hikari.HikariDataSource       : HikariPool-1 - Shutdown completed.
17:24:56 客户端已关闭，退出码: 0
17:24:56 系统运行中... 关闭客户端窗口后将自动停止后端
